mean_fit_time,std_fit_time,mean_score_time,std_score_time,param_modelo__max_depth,param_modelo__min_samples_leaf,param_modelo__min_samples_split,params,split0_test_score,split1_test_score,split2_test_score,split3_test_score,split4_test_score,mean_test_score,std_test_score,rank_test_score,split0_train_score,split1_train_score,split2_train_score,split3_train_score,split4_train_score,mean_train_score,std_train_score
0.030513811111450195,0.004831455765053809,0.0027117252349853514,0.0006607923831956289,1,1,2,"{""modelo__max_depth"": 1, ""modelo__min_samples_leaf"": 1, ""modelo__min_samples_split"": 2}",-146.20295383044774,-99.38321568013694,-119.3376350309302,-43.986405343197134,-73.79938640623377,-96.54191925818915,35.42101303217406,577,-56.366701711717724,-69.17336716285402,-56.80168848443856,-75.30281029983905,-72.46531065236384,-66.02197566224264,7.947574931465805
0.03305883407592773,0.013239220747004146,0.0021162509918212892,0.0007501680220734539,1,1,3,"{""modelo__max_depth"": 1, ""modelo__min_samples_leaf"": 1, ""modelo__min_samples_split"": 3}",-146.20295383044774,-99.38321568013694,-119.3376350309302,-43.986405343197134,-73.79938640623377,-96.54191925818915,35.42101303217406,577,-56.366701711717724,-69.17336716285402,-56.80168848443856,-75.30281029983905,-72.46531065236384,-66.02197566224264,7.947574931465805
0.014295530319213868,0.010523925409485968,0.003618335723876953,0.0034191136213600434,1,1,4,"{""modelo__max_depth"": 1, ""modelo__min_samples_leaf"": 1, ""modelo__min_samples_split"": 4}",-146.20295383044774,-99.38321568013694,-119.3376350309302,-43.986405343197134,-73.79938640623377,-96.54191925818915,35.42101303217406,577,-56.366701711717724,-69.17336716285402,-56.80168848443856,-75.30281029983905,-72.46531065236384,-66.02197566224264,7.947574931465805
0.006683349609375,0.002499721279161186,0.0048468589782714845,0.004022355967129699,1,1,5,"{""modelo__max_depth"": 1, ""modelo__min_samples_leaf"": 1, ""modelo__min_samples_split"": 5}",-146.20295383044774,-99.38321568013694,-119.3376350309302,-43.986405343197134,-73.79938640623377,-96.54191925818915,35.42101303217406,577,-56.366701711717724,-69.17336716285402,-56.80168848443856,-75.30281029983905,-72.46531065236384,-66.02197566224264,7.947574931465805
0.007559680938720703,0.003635943980102,0.0022098541259765623,0.0005336050559854666,1,1,6,"{""modelo__max_depth"": 1, ""modelo__min_samples_leaf"": 1, ""modelo__min_samples_split"": 6}",-146.20295383044774,-99.38321568013694,-119.3376350309302,-43.986405343197134,-73.79938640623377,-96.54191925818915,35.42101303217406,577,-56.366701711717724,-69.17336716285402,-56.80168848443856,-75.30281029983905,-72.46531065236384,-66.02197566224264,7.947574931465805
0.004987478256225586,0.0010102350515930243,0.0020051002502441406,0.0005971444506967757,1,1,7,"{""modelo__max_depth"": 1, ""modelo__min_samples_leaf"": 1, ""modelo__min_samples_split"": 7}",-146.20295383044774,-99.38321568013694,-119.3376350309302,-43.986405343197134,-73.79938640623377,-96.54191925818915,35.42101303217406,577,-56.366701711717724,-69.17336716285402,-56.80168848443856,-75.30281029983905,-72.46531065236384,-66.02197566224264,7.947574931465805
0.0037421226501464845,0.0006223739270958713,0.0021448135375976562,0.0006670204847448258,1,1,8,"{""modelo__max_depth"": 1, ""modelo__min_samples_leaf"": 1, ""modelo__min_samples_split"": 8}",-146.20295383044774,-99.38321568013694,-119.3376350309302,-43.986405343197134,-73.79938640623377,-96.54191925818915,35.42101303217406,577,-56.366701711717724,-69.17336716285402,-56.80168848443856,-75.30281029983905,-72.46531065236384,-66.02197566224264,7.947574931465805
0.004425716400146484,0.000640189560547865,0.0019927978515625,0.000595197274893311,1,1,9,"{""modelo__max_depth"": 1, ""modelo__min_samples_leaf"": 1, ""modelo__min_samples_split"": 9}",-146.20295383044774,-99.38321568013694,-119.3376350309302,-43.986405343197134,-73.79938640623377,-96.54191925818915,35.42101303217406,577,-56.366701711717724,-69.17336716285402,-56.80168848443856,-75.30281029983905,-72.46531065236384,-66.02197566224264,7.947574931465805
0.004247808456420898,0.000596475229530789,0.0017926216125488282,0.0005053827046446139,1,2,2,"{""modelo__max_depth"": 1, ""modelo__min_samples_leaf"": 2, ""modelo__min_samples_split"": 2}",-146.20295383044774,-99.38321568013694,-119.3376350309302,-43.986405343197134,-73.79938640623377,-96.54191925818915,35.42101303217406,577,-56.366701711717724,-69.17336716285402,-56.80168848443856,-75.30281029983905,-72.46531065236384,-66.02197566224264,7.947574931465805
0.0041473388671875,0.0003996947759921945,0.001820850372314453,0.00034935120256212226,1,2,3,"{""modelo__max_depth"": 1, ""modelo__min_samples_leaf"": 2, ""modelo__min_samples_split"": 3}",-146.20295383044774,-99.38321568013694,-119.3376350309302,-43.986405343197134,-73.79938640623377,-96.54191925818915,35.42101303217406,577,-56.366701711717724,-69.17336716285402,-56.80168848443856,-75.30281029983905,-72.46531065236384,-66.02197566224264,7.947574931465805
0.004355859756469726,0.0018336904288696653,0.001830911636352539,0.0003794346587317116,1,2,4,"{""modelo__max_depth"": 1, ""modelo__min_samples_leaf"": 2, ""modelo__min_samples_split"": 4}",-146.20295383044774,-99.38321568013694,-119.3376350309302,-43.986405343197134,-73.79938640623377,-96.54191925818915,35.42101303217406,577,-56.366701711717724,-69.17336716285402,-56.80168848443856,-75.30281029983905,-72.46531065236384,-66.02197566224264,7.947574931465805
0.004651403427124024,0.0005750186902604323,0.0027342319488525392,0.001857246589591685,1,2,5,"{""modelo__max_depth"": 1, ""modelo__min_samples_leaf"": 2, ""modelo__min_samples_split"": 5}",-146.20295383044774,-99.38321568013694,-119.3376350309302,-43.986405343197134,-73.79938640623377,-96.54191925818915,35.42101303217406,577,-56.366701711717724,-69.17336716285402,-56.80168848443856,-75.30281029983905,-72.46531065236384,-66.02197566224264,7.947574931465805
0.005131340026855469,0.0024657342199071084,0.0018085956573486329,0.00040601314526061744,1,2,6,"{""modelo__max_depth"": 1, ""modelo__min_samples_leaf"": 2, ""modelo__min_samples_split"": 6}",-146.20295383044774,-99.38321568013694,-119.3376350309302,-43.986405343197134,-73.79938640623377,-96.54191925818915,35.42101303217406,577,-56.366701711717724,-69.17336716285402,-56.80168848443856,-75.30281029983905,-72.46531065236384,-66.02197566224264,7.947574931465805
0.004257345199584961,0.0017090004242735221,0.001924896240234375,0.0009124765702109945,1,2,7,"{""modelo__max_depth"": 1, ""modelo__min_samples_leaf"": 2, ""modelo__min_samples_split"": 7}",-146.20295383044774,-99.38321568013694,-119.3376350309302,-43.986405343197134,-73.79938640623377,-96.54191925818915,35.42101303217406,577,-56.366701711717724,-69.17336716285402,-56.80168848443856,-75.30281029983905,-72.46531065236384,-66.02197566224264,7.947574931465805
0.0031080722808837892,0.0006054072875517879,0.0012351512908935548,0.00018893089739584684,1,2,8,"{""modelo__max_depth"": 1, ""modelo__min_samples_leaf"": 2, ""modelo__min_samples_split"": 8}",-146.20295383044774,-99.38321568013694,-119.3376350309302,-43.986405343197134,-73.79938640623377,-96.54191925818915,35.42101303217406,577,-56.366701711717724,-69.17336716285402,-56.80168848443856,-75.30281029983905,-72.46531065236384,-66.02197566224264,7.947574931465805
0.004124879837036133,0.002200679323123313,0.0015752315521240234,0.0006813976295797968,1,2,9,"{""modelo__max_depth"": 1, ""modelo__min_samples_leaf"": 2, ""modelo__min_samples_split"": 9}",-146.20295383044774,-99.38321568013694,-119.3376350309302,-43.986405343197134,-73.79938640623377,-96.54191925818915,35.42101303217406,577,-56.366701711717724,-69.17336716285402,-56.80168848443856,-75.30281029983905,-72.46531065236384,-66.02197566224264,7.947574931465805
0.0030165672302246093,0.00049055169532388,0.0012244701385498047,0.00032688536292685004,1,3,2,"{""modelo__max_depth"": 1, ""modelo__min_samples_leaf"": 3, ""modelo__min_samples_split"": 2}",-146.20295383044774,-99.38321568013694,-119.3376350309302,-43.986405343197134,-73.79938640623377,-96.54191925818915,35.42101303217406,577,-56.366701711717724,-69.17336716285402,-56.80168848443856,-75.30281029983905,-72.46531065236384,-66.02197566224264,7.947574931465805
0.0037552833557128905,0.0018326282532238134,0.0017252445220947265,0.001275340576363028,1,3,3,"{""modelo__max_depth"": 1, ""modelo__min_samples_leaf"": 3, ""modelo__min_samples_split"": 3}",-146.20295383044774,-99.38321568013694,-119.3376350309302,-43.986405343197134,-73.79938640623377,-96.54191925818915,35.42101303217406,577,-56.366701711717724,-69.17336716285402,-56.80168848443856,-75.30281029983905,-72.46531065236384,-66.02197566224264,7.947574931465805
0.003005361557006836,0.0003163663297083689,0.0012392520904541016,0.0002206288173120998,1,3,4,"{""modelo__max_depth"": 1, ""modelo__min_samples_leaf"": 3, ""modelo__min_samples_split"": 4}",-146.20295383044774,-99.38321568013694,-119.3376350309302,-43.986405343197134,-73.79938640623377,-96.54191925818915,35.42101303217406,577,-56.366701711717724,-69.17336716285402,-56.80168848443856,-75.30281029983905,-72.46531065236384,-66.02197566224264,7.947574931465805
0.002888774871826172,0.00027232213939564,0.0011571407318115234,0.00021116267180076268,1,3,5,"{""modelo__max_depth"": 1, ""modelo__min_samples_leaf"": 3, ""modelo__min_samples_split"": 5}",-146.20295383044774,-99.38321568013694,-119.3376350309302,-43.986405343197134,-73.79938640623377,-96.54191925818915,35.42101303217406,577,-56.366701711717724,-69.17336716285402,-56.80168848443856,-75.30281029983905,-72.46531065236384,-66.02197566224264,7.947574931465805
0.0032304763793945313,0.0007510711197374301,0.0013536930084228516,0.0003168231242794664,1,3,6,"{""modelo__max_depth"": 1, ""modelo__min_samples_leaf"": 3, ""modelo__min_samples_split"": 6}",-146.20295383044774,-99.38321568013694,-119.3376350309302,-43.986405343197134,-73.79938640623377,-96.54191925818915,35.42101303217406,577,-56.366701711717724,-69.17336716285402,-56.80168848443856,-75.30281029983905,-72.46531065236384,-66.02197566224264,7.947574931465805
0.0027457237243652343,6.0706557915965154e-05,0.0011295318603515626,8.763296636054348e-05,1,3,7,"{""modelo__max_depth"": 1, ""modelo__min_samples_leaf"": 3, ""modelo__min_samples_split"": 7}",-146.20295383044774,-99.38321568013694,-119.3376350309302,-43.986405343197134,-73.79938640623377,-96.54191925818915,35.42101303217406,577,-56.366701711717724,-69.17336716285402,-56.80168848443856,-75.30281029983905,-72.46531065236384,-66.02197566224264,7.947574931465805
0.0030568599700927734,0.0006028706821826839,0.0012011051177978516,0.0002518824033900162,1,3,8,"{""modelo__max_depth"": 1, ""modelo__min_samples_leaf"": 3, ""modelo__min_samples_split"": 8}",-146.20295383044774,-99.38321568013694,-119.3376350309302,-43.986405343197134,-73.79938640623377,-96.54191925818915,35.42101303217406,577,-56.366701711717724,-69.17336716285402,-56.80168848443856,-75.30281029983905,-72.46531065236384,-66.02197566224264,7.947574931465805
0.003000831604003906,0.00026284636155792695,0.0014234542846679687,0.00042184766584896655,1,3,9,"{""modelo__max_depth"": 1, ""modelo__min_samples_leaf"": 3, ""modelo__min_samples_split"": 9}",-146.20295383044774,-99.38321568013694,-119.3376350309302,-43.986405343197134,-73.79938640623377,-96.54191925818915,35.42101303217406,577,-56.366701711717724,-69.17336716285402,-56.80168848443856,-75.30281029983905,-72.46531065236384,-66.02197566224264,7.947574931465805
0.0033577919006347657,0.0008108122492907721,0.001908111572265625,0.000577982881692044,1,4,2,"{""modelo__max_depth"": 1, ""modelo__min_samples_leaf"": 4, ""modelo__min_samples_split"": 2}",-146.20295383044774,-99.38321568013694,-119.3376350309302,-43.986405343197134,-73.79938640623377,-96.54191925818915,35.42101303217406,577,-56.366701711717724,-69.17336716285402,-56.80168848443856,-75.30281029983905,-72.46531065236384,-66.02197566224264,7.947574931465805
0.0030110836029052734,0.0003600907902796694,0.001455402374267578,0.0003512270837873538,1,4,3,"{""modelo__max_depth"": 1, ""modelo__min_samples_leaf"": 4, ""modelo__min_samples_split"": 3}",-146.20295383044774,-99.38321568013694,-119.3376350309302,-43.986405343197134,-73.79938640623377,-96.54191925818915,35.42101303217406,577,-56.366701711717724,-69.17336716285402,-56.80168848443856,-75.30281029983905,-72.46531065236384,-66.02197566224264,7.947574931465805
0.003423738479614258,0.0010035105956761234,0.0016986846923828125,0.0006266956938553184,1,4,4,"{""modelo__max_depth"": 1, ""modelo__min_samples_leaf"": 4, ""modelo__min_samples_split"": 4}",-146.20295383044774,-99.38321568013694,-119.3376350309302,-43.986405343197134,-73.79938640623377,-96.54191925818915,35.42101303217406,577,-56.366701711717724,-69.17336716285402,-56.80168848443856,-75.30281029983905,-72.46531065236384,-66.02197566224264,7.947574931465805
0.003660440444946289,0.0007815279125229062,0.0016357898712158203,0.000619227662540494,1,4,5,"{""modelo__max_depth"": 1, ""modelo__min_samples_leaf"": 4, ""modelo__min_samples_split"": 5}",-146.20295383044774,-99.38321568013694,-119.3376350309302,-43.986405343197134,-73.79938640623377,-96.54191925818915,35.42101303217406,577,-56.366701711717724,-69.17336716285402,-56.80168848443856,-75.30281029983905,-72.46531065236384,-66.02197566224264,7.947574931465805
0.004224109649658203,0.0010248856994543947,0.0015590667724609375,0.00056015868314885,1,4,6,"{""modelo__max_depth"": 1, ""modelo__min_samples_leaf"": 4, ""modelo__min_samples_split"": 6}",-146.20295383044774,-99.38321568013694,-119.3376350309302,-43.986405343197134,-73.79938640623377,-96.54191925818915,35.42101303217406,577,-56.366701711717724,-69.17336716285402,-56.80168848443856,-75.30281029983905,-72.46531065236384,-66.02197566224264,7.947574931465805
0.003151273727416992,0.0004693741571206036,0.001507711410522461,0.00035593788751594964,1,4,7,"{""modelo__max_depth"": 1, ""modelo__min_samples_leaf"": 4, ""modelo__min_samples_split"": 7}",-146.20295383044774,-99.38321568013694,-119.3376350309302,-43.986405343197134,-73.79938640623377,-96.54191925818915,35.42101303217406,577,-56.366701711717724,-69.17336716285402,-56.80168848443856,-75.30281029983905,-72.46531065236384,-66.02197566224264,7.947574931465805
0.002738189697265625,0.00015071459578544106,0.0013018608093261718,0.00019781252581258188,1,4,8,"{""modelo__max_depth"": 1, ""modelo__min_samples_leaf"": 4, ""modelo__min_samples_split"": 8}",-146.20295383044774,-99.38321568013694,-119.3376350309302,-43.986405343197134,-73.79938640623377,-96.54191925818915,35.42101303217406,577,-56.366701711717724,-69.17336716285402,-56.80168848443856,-75.30281029983905,-72.46531065236384,-66.02197566224264,7.947574931465805
0.0027738571166992187,0.0003629374102436245,0.0010849952697753907,6.503006494805418e-05,1,4,9,"{""modelo__max_depth"": 1, ""modelo__min_samples_leaf"": 4, ""modelo__min_samples_split"": 9}",-146.20295383044774,-99.38321568013694,-119.3376350309302,-43.986405343197134,-73.79938640623377,-96.54191925818915,35.42101303217406,577,-56.366701711717724,-69.17336716285402,-56.80168848443856,-75.30281029983905,-72.46531065236384,-66.02197566224264,7.947574931465805
0.00272984504699707,0.00037473911145464756,0.0011802196502685546,0.00018061999902431057,2,1,2,"{""modelo__max_depth"": 2, ""modelo__min_samples_leaf"": 1, ""modelo__min_samples_split"": 2}",-82.87360751989664,-39.50469931162779,-78.60194612471592,-24.112417240969414,-29.291981021585045,-50.87693024375896,24.916021704464214,184,-17.69628584883807,-29.668997043986234,-22.713874877436407,-30.84101136724859,-27.33961356490938,-25.651956540483734,4.854608339437678
0.0031564712524414064,0.0006203373126473509,0.0013971805572509765,0.00030642326759638315,2,1,3,"{""modelo__max_depth"": 2, ""modelo__min_samples_leaf"": 1, ""modelo__min_samples_split"": 3}",-82.87360751989664,-39.50469931162779,-78.60194612471592,-24.112417240969414,-29.291981021585045,-50.87693024375896,24.916021704464214,184,-17.69628584883807,-29.668997043986234,-22.713874877436407,-30.84101136724859,-27.33961356490938,-25.651956540483734,4.854608339437678
0.0031267642974853516,0.0010620688511769785,0.0012885093688964843,0.0004639211324488234,2,1,4,"{""modelo__max_depth"": 2, ""modelo__min_samples_leaf"": 1, ""modelo__min_samples_split"": 4}",-82.87360751989664,-39.50469931162779,-78.60194612471592,-24.112417240969414,-29.291981021585045,-50.87693024375896,24.916021704464214,184,-17.69628584883807,-29.668997043986234,-22.713874877436407,-30.84101136724859,-27.33961356490938,-25.651956540483734,4.854608339437678
0.003954124450683594,0.000598444034228801,0.0016047000885009766,0.00041407816747504735,2,1,5,"{""modelo__max_depth"": 2, ""modelo__min_samples_leaf"": 1, ""modelo__min_samples_split"": 5}",-82.87360751989664,-39.50469931162779,-78.60194612471592,-24.112417240969414,-29.291981021585045,-50.87693024375896,24.916021704464214,184,-17.69628584883807,-29.668997043986234,-22.713874877436407,-30.84101136724859,-27.33961356490938,-25.651956540483734,4.854608339437678
0.0031018733978271486,0.0004257406166616154,0.0013279914855957031,0.0002751810260205391,2,1,6,"{""modelo__max_depth"": 2, ""modelo__min_samples_leaf"": 1, ""modelo__min_samples_split"": 6}",-82.87360751989664,-39.50469931162779,-78.60194612471592,-24.112417240969414,-29.291981021585045,-50.87693024375896,24.916021704464214,184,-17.69628584883807,-29.668997043986234,-22.713874877436407,-30.84101136724859,-27.33961356490938,-25.651956540483734,4.854608339437678
0.002652883529663086,0.0005242642511812995,0.0011494159698486328,0.00014802986990828377,2,1,7,"{""modelo__max_depth"": 2, ""modelo__min_samples_leaf"": 1, ""modelo__min_samples_split"": 7}",-82.87360751989664,-39.50469931162779,-78.60194612471592,-24.112417240969414,-29.291981021585045,-50.87693024375896,24.916021704464214,184,-17.69628584883807,-29.668997043986234,-22.713874877436407,-30.84101136724859,-27.33961356490938,-25.651956540483734,4.854608339437678
0.0023369789123535156,0.00019792826357429265,0.0010352134704589844,6.438308213267621e-05,2,1,8,"{""modelo__max_depth"": 2, ""modelo__min_samples_leaf"": 1, ""modelo__min_samples_split"": 8}",-82.87360751989664,-39.50469931162779,-78.60194612471592,-24.112417240969414,-29.291981021585045,-50.87693024375896,24.916021704464214,184,-17.69628584883807,-29.668997043986234,-22.713874877436407,-30.84101136724859,-27.33961356490938,-25.651956540483734,4.854608339437678
0.0024596691131591798,0.00015994795800560892,0.0013623714447021484,0.0005611251315386045,2,1,9,"{""modelo__max_depth"": 2, ""modelo__min_samples_leaf"": 1, ""modelo__min_samples_split"": 9}",-82.87360751989664,-39.50469931162779,-78.60194612471592,-24.112417240969414,-29.291981021585045,-50.87693024375896,24.916021704464214,184,-17.69628584883807,-29.668997043986234,-22.713874877436407,-30.84101136724859,-27.33961356490938,-25.651956540483734,4.854608339437678
0.0034611701965332033,0.0006256483556380829,0.0015624046325683593,0.00045073765789341546,2,2,2,"{""modelo__max_depth"": 2, ""modelo__min_samples_leaf"": 2, ""modelo__min_samples_split"": 2}",-82.87360751989664,-39.50469931162779,-78.60194612471592,-24.112417240969414,-29.291981021585045,-50.87693024375896,24.916021704464214,184,-17.69628584883807,-29.668997043986234,-22.713874877436407,-30.84101136724859,-27.33961356490938,-25.651956540483734,4.854608339437678
0.0037184715270996093,0.0008652826869579056,0.0018495559692382813,0.00035451672566131075,2,2,3,"{""modelo__max_depth"": 2, ""modelo__min_samples_leaf"": 2, ""modelo__min_samples_split"": 3}",-82.87360751989664,-39.50469931162779,-78.60194612471592,-24.112417240969414,-29.291981021585045,-50.87693024375896,24.916021704464214,184,-17.69628584883807,-29.668997043986234,-22.713874877436407,-30.84101136724859,-27.33961356490938,-25.651956540483734,4.854608339437678
0.002812814712524414,0.0006036262054887884,0.0012690067291259766,0.0002829822486183194,2,2,4,"{""modelo__max_depth"": 2, ""modelo__min_samples_leaf"": 2, ""modelo__min_samples_split"": 4}",-82.87360751989664,-39.50469931162779,-78.60194612471592,-24.112417240969414,-29.291981021585045,-50.87693024375896,24.916021704464214,184,-17.69628584883807,-29.668997043986234,-22.713874877436407,-30.84101136724859,-27.33961356490938,-25.651956540483734,4.854608339437678
0.0022817611694335937,0.0001847294229713682,0.0012163639068603516,0.00021653607453833902,2,2,5,"{""modelo__max_depth"": 2, ""modelo__min_samples_leaf"": 2, ""modelo__min_samples_split"": 5}",-82.87360751989664,-39.50469931162779,-78.60194612471592,-24.112417240969414,-29.291981021585045,-50.87693024375896,24.916021704464214,184,-17.69628584883807,-29.668997043986234,-22.713874877436407,-30.84101136724859,-27.33961356490938,-25.651956540483734,4.854608339437678
0.002347421646118164,0.000178765570139919,0.0010193347930908202,7.406274283099958e-05,2,2,6,"{""modelo__max_depth"": 2, ""modelo__min_samples_leaf"": 2, ""modelo__min_samples_split"": 6}",-82.87360751989664,-39.50469931162779,-78.60194612471592,-24.112417240969414,-29.291981021585045,-50.87693024375896,24.916021704464214,184,-17.69628584883807,-29.668997043986234,-22.713874877436407,-30.84101136724859,-27.33961356490938,-25.651956540483734,4.854608339437678
0.002586221694946289,0.00033952495313239745,0.0012713432312011718,0.00024831862610269376,2,2,7,"{""modelo__max_depth"": 2, ""modelo__min_samples_leaf"": 2, ""modelo__min_samples_split"": 7}",-82.87360751989664,-39.50469931162779,-78.60194612471592,-24.112417240969414,-29.291981021585045,-50.87693024375896,24.916021704464214,184,-17.69628584883807,-29.668997043986234,-22.713874877436407,-30.84101136724859,-27.33961356490938,-25.651956540483734,4.854608339437678
0.0029929161071777345,0.00036945346094740866,0.0012301921844482422,0.00017919185121271627,2,2,8,"{""modelo__max_depth"": 2, ""modelo__min_samples_leaf"": 2, ""modelo__min_samples_split"": 8}",-82.87360751989664,-39.50469931162779,-78.60194612471592,-24.112417240969414,-29.291981021585045,-50.87693024375896,24.916021704464214,184,-17.69628584883807,-29.668997043986234,-22.713874877436407,-30.84101136724859,-27.33961356490938,-25.651956540483734,4.854608339437678
0.002890872955322266,0.00048785473684223406,0.0012697696685791016,0.0001306437572359494,2,2,9,"{""modelo__max_depth"": 2, ""modelo__min_samples_leaf"": 2, ""modelo__min_samples_split"": 9}",-82.87360751989664,-39.50469931162779,-78.60194612471592,-24.112417240969414,-29.291981021585045,-50.87693024375896,24.916021704464214,184,-17.69628584883807,-29.668997043986234,-22.713874877436407,-30.84101136724859,-27.33961356490938,-25.651956540483734,4.854608339437678
0.0035596847534179687,0.0007964166505958495,0.001520252227783203,0.00040780460845708295,2,3,2,"{""modelo__max_depth"": 2, ""modelo__min_samples_leaf"": 3, ""modelo__min_samples_split"": 2}",-80.28577414119411,-39.50469931162779,-78.60194612471592,-25.74204776856821,-28.898068844087543,-50.60650723803871,23.98896106051385,151,-20.006094907687526,-29.668997043986234,-22.713874877436407,-31.615609987152872,-29.753379282761752,-26.751591219804958,4.538403698332915
0.0027367591857910155,0.000425934652103729,0.001474905014038086,0.000477556768065175,2,3,3,"{""modelo__max_depth"": 2, ""modelo__min_samples_leaf"": 3, ""modelo__min_samples_split"": 3}",-80.28577414119411,-39.50469931162779,-78.60194612471592,-25.74204776856821,-28.898068844087543,-50.60650723803871,23.98896106051385,151,-20.006094907687526,-29.668997043986234,-22.713874877436407,-31.615609987152872,-29.753379282761752,-26.751591219804958,4.538403698332915
0.0030483245849609376,0.0006349330117449801,0.001703929901123047,0.0004121272800776119,2,3,4,"{""modelo__max_depth"": 2, ""modelo__min_samples_leaf"": 3, ""modelo__min_samples_split"": 4}",-80.28577414119411,-39.50469931162779,-78.60194612471592,-25.74204776856821,-28.898068844087543,-50.60650723803871,23.98896106051385,151,-20.006094907687526,-29.668997043986234,-22.713874877436407,-31.615609987152872,-29.753379282761752,-26.751591219804958,4.538403698332915
0.003553342819213867,0.0006824205374090048,0.0013817787170410157,0.00030394154050757084,2,3,5,"{""modelo__max_depth"": 2, ""modelo__min_samples_leaf"": 3, ""modelo__min_samples_split"": 5}",-80.28577414119411,-39.50469931162779,-78.60194612471592,-25.74204776856821,-28.898068844087543,-50.60650723803871,23.98896106051385,151,-20.006094907687526,-29.668997043986234,-22.713874877436407,-31.615609987152872,-29.753379282761752,-26.751591219804958,4.538403698332915
0.0037280559539794923,0.0002839847962203626,0.001443767547607422,0.00035866230450858007,2,3,6,"{""modelo__max_depth"": 2, ""modelo__min_samples_leaf"": 3, ""modelo__min_samples_split"": 6}",-80.28577414119411,-39.50469931162779,-78.60194612471592,-25.74204776856821,-28.898068844087543,-50.60650723803871,23.98896106051385,151,-20.006094907687526,-29.668997043986234,-22.713874877436407,-31.615609987152872,-29.753379282761752,-26.751591219804958,4.538403698332915
0.002865457534790039,0.00046037659864561395,0.0013405799865722657,0.00029681982838510235,2,3,7,"{""modelo__max_depth"": 2, ""modelo__min_samples_leaf"": 3, ""modelo__min_samples_split"": 7}",-80.28577414119411,-39.50469931162779,-78.60194612471592,-25.74204776856821,-28.898068844087543,-50.60650723803871,23.98896106051385,151,-20.006094907687526,-29.668997043986234,-22.713874877436407,-31.615609987152872,-29.753379282761752,-26.751591219804958,4.538403698332915
0.002744150161743164,0.0003863220771103504,0.0012729167938232422,0.0003611882366793033,2,3,8,"{""modelo__max_depth"": 2, ""modelo__min_samples_leaf"": 3, ""modelo__min_samples_split"": 8}",-80.28577414119411,-39.50469931162779,-78.60194612471592,-25.74204776856821,-28.898068844087543,-50.60650723803871,23.98896106051385,151,-20.006094907687526,-29.668997043986234,-22.713874877436407,-31.615609987152872,-29.753379282761752,-26.751591219804958,4.538403698332915
0.0034815788269042967,0.0009772507307136693,0.001618337631225586,0.00043631330598644297,2,3,9,"{""modelo__max_depth"": 2, ""modelo__min_samples_leaf"": 3, ""modelo__min_samples_split"": 9}",-80.28577414119411,-39.50469931162779,-78.60194612471592,-25.74204776856821,-28.898068844087543,-50.60650723803871,23.98896106051385,151,-20.006094907687526,-29.668997043986234,-22.713874877436407,-31.615609987152872,-29.753379282761752,-26.751591219804958,4.538403698332915
0.003105783462524414,0.00030551662633393473,0.0012446880340576173,0.00028143249013511253,2,4,2,"{""modelo__max_depth"": 2, ""modelo__min_samples_leaf"": 4, ""modelo__min_samples_split"": 2}",-76.54409481636286,-39.50469931162779,-78.60194612471592,-30.244426747010298,-28.907216787227775,-50.76047675738893,22.20409053306694,161,-23.111375682135247,-29.668997043986234,-22.713874877436407,-32.04291666061546,-32.91949610980332,-28.091332074795332,4.361931384721023
0.003658294677734375,0.0006957077996341827,0.0016585350036621093,0.00037381720714669425,2,4,3,"{""modelo__max_depth"": 2, ""modelo__min_samples_leaf"": 4, ""modelo__min_samples_split"": 3}",-76.54409481636286,-39.50469931162779,-78.60194612471592,-30.244426747010298,-28.907216787227775,-50.76047675738893,22.20409053306694,161,-23.111375682135247,-29.668997043986234,-22.713874877436407,-32.04291666061546,-32.91949610980332,-28.091332074795332,4.361931384721023
0.0028826236724853516,0.0006517033172528702,0.0014705657958984375,0.0004882727050406092,2,4,4,"{""modelo__max_depth"": 2, ""modelo__min_samples_leaf"": 4, ""modelo__min_samples_split"": 4}",-76.54409481636286,-39.50469931162779,-78.60194612471592,-30.244426747010298,-28.907216787227775,-50.76047675738893,22.20409053306694,161,-23.111375682135247,-29.668997043986234,-22.713874877436407,-32.04291666061546,-32.91949610980332,-28.091332074795332,4.361931384721023
0.004036474227905274,0.0006349157830047224,0.0018349170684814453,0.00029964909134135763,2,4,5,"{""modelo__max_depth"": 2, ""modelo__min_samples_leaf"": 4, ""modelo__min_samples_split"": 5}",-76.54409481636286,-39.50469931162779,-78.60194612471592,-30.244426747010298,-28.907216787227775,-50.76047675738893,22.20409053306694,161,-23.111375682135247,-29.668997043986234,-22.713874877436407,-32.04291666061546,-32.91949610980332,-28.091332074795332,4.361931384721023
0.0035586833953857424,0.0007729891469144945,0.0013761520385742188,0.0002630798802669911,2,4,6,"{""modelo__max_depth"": 2, ""modelo__min_samples_leaf"": 4, ""modelo__min_samples_split"": 6}",-76.54409481636286,-39.50469931162779,-78.60194612471592,-30.244426747010298,-28.907216787227775,-50.76047675738893,22.20409053306694,161,-23.111375682135247,-29.668997043986234,-22.713874877436407,-32.04291666061546,-32.91949610980332,-28.091332074795332,4.361931384721023
0.0032530307769775392,0.000476825222819682,0.0014384269714355468,0.00025694574574018175,2,4,7,"{""modelo__max_depth"": 2, ""modelo__min_samples_leaf"": 4, ""modelo__min_samples_split"": 7}",-76.54409481636286,-39.50469931162779,-78.60194612471592,-30.244426747010298,-28.907216787227775,-50.76047675738893,22.20409053306694,161,-23.111375682135247,-29.668997043986234,-22.713874877436407,-32.04291666061546,-32.91949610980332,-28.091332074795332,4.361931384721023
0.002759504318237305,0.000450439279076173,0.001225900650024414,0.00022485556396714747,2,4,8,"{""modelo__max_depth"": 2, ""modelo__min_samples_leaf"": 4, ""modelo__min_samples_split"": 8}",-76.54409481636286,-39.50469931162779,-78.60194612471592,-30.244426747010298,-28.907216787227775,-50.76047675738893,22.20409053306694,161,-23.111375682135247,-29.668997043986234,-22.713874877436407,-32.04291666061546,-32.91949610980332,-28.091332074795332,4.361931384721023
0.0038327693939208983,0.00017679552874864322,0.0017771244049072266,0.0001422101892266435,2,4,9,"{""modelo__max_depth"": 2, ""modelo__min_samples_leaf"": 4, ""modelo__min_samples_split"": 9}",-76.54409481636286,-39.50469931162779,-78.60194612471592,-30.244426747010298,-28.907216787227775,-50.76047675738893,22.20409053306694,161,-23.111375682135247,-29.668997043986234,-22.713874877436407,-32.04291666061546,-32.91949610980332,-28.091332074795332,4.361931384721023
0.0038001537322998047,0.00012784581347439125,0.001815938949584961,0.0001719441072384068,3,1,2,"{""modelo__max_depth"": 3, ""modelo__min_samples_leaf"": 1, ""modelo__min_samples_split"": 2}",-75.6812230451095,-47.22855801657654,-57.3403640606465,-27.42629119595776,-22.499162068171106,-46.035119677292286,19.53639725516665,14,-10.368180343712535,-12.592564421238286,-10.126970490992147,-17.068099001519357,-16.905411212034533,-13.412245093899372,3.042982522056911
0.003759479522705078,0.0005695283332775142,0.0015137672424316406,0.0003561075766400475,3,1,3,"{""modelo__max_depth"": 3, ""modelo__min_samples_leaf"": 1, ""modelo__min_samples_split"": 3}",-75.6812230451095,-47.22855801657654,-57.3403640606465,-27.42629119595776,-22.499162068171106,-46.035119677292286,19.53639725516665,14,-10.665140559786682,-12.592564421238286,-10.126970490992147,-17.3650592175935,-17.197068567107358,-13.589360651343593,3.124236468622755
0.004066324234008789,0.0006198865560360206,0.0018517017364501954,0.00011361805805522223,3,1,4,"{""modelo__max_depth"": 3, ""modelo__min_samples_leaf"": 1, ""modelo__min_samples_split"": 4}",-75.6812230451095,-47.22855801657654,-57.3403640606465,-27.42629119595776,-22.499162068171106,-46.035119677292286,19.53639725516665,14,-10.665140559786682,-12.592564421238286,-10.126970490992147,-17.3650592175935,-17.197068567107358,-13.589360651343593,3.124236468622755
0.0038274288177490234,0.0006076477669244143,0.002037668228149414,0.0007221260180273752,3,1,5,"{""modelo__max_depth"": 3, ""modelo__min_samples_leaf"": 1, ""modelo__min_samples_split"": 5}",-75.6812230451095,-47.22855801657654,-57.3403640606465,-27.42629119595776,-22.499162068171106,-46.035119677292286,19.53639725516665,14,-10.665140559786682,-12.592564421238286,-10.126970490992147,-17.3650592175935,-17.197068567107358,-13.589360651343593,3.124236468622755
0.003865671157836914,0.000733217373000008,0.0018714427947998046,0.00044656670791516076,3,1,6,"{""modelo__max_depth"": 3, ""modelo__min_samples_leaf"": 1, ""modelo__min_samples_split"": 6}",-75.6812230451095,-47.22855801657654,-80.78509697204068,-27.42629119595776,-22.499162068171106,-50.72406625957112,23.99239612760368,159,-10.665140559786682,-12.592564421238286,-12.969707326467782,-17.3650592175935,-17.197068567107358,-14.157908018438723,2.6677279335321673
0.0036262035369873046,0.0006227612603813115,0.0016571044921875,0.0001258230056651369,3,1,7,"{""modelo__max_depth"": 3, ""modelo__min_samples_leaf"": 1, ""modelo__min_samples_split"": 7}",-75.6812230451095,-47.22855801657654,-80.78509697204068,-27.42629119595776,-22.499162068171106,-50.72406625957112,23.99239612760368,159,-10.665140559786682,-12.592564421238286,-12.969707326467782,-17.3650592175935,-17.197068567107358,-14.157908018438723,2.6677279335321673
0.003846597671508789,0.00047696334599693424,0.001821756362915039,0.0001708523574293905,3,1,8,"{""modelo__max_depth"": 3, ""modelo__min_samples_leaf"": 1, ""modelo__min_samples_split"": 8}",-75.6812230451095,-40.52841742525434,-80.78509697204068,-27.42629119595776,-22.499162068171106,-49.384038141306675,24.334870701141707,36,-10.665140559786682,-21.296005328940566,-12.969707326467782,-17.3650592175935,-17.197068567107358,-15.898596199979176,3.7131123749992594
0.004033422470092774,0.0002463246146913138,0.0019762516021728516,0.00015036521281719994,3,1,9,"{""modelo__max_depth"": 3, ""modelo__min_samples_leaf"": 1, ""modelo__min_samples_split"": 9}",-75.6812230451095,-40.52841742525434,-80.78509697204068,-27.42629119595776,-22.499162068171106,-49.384038141306675,24.334870701141707,36,-10.665140559786682,-21.296005328940566,-12.969707326467782,-17.3650592175935,-17.197068567107358,-15.898596199979176,3.7131123749992594
0.003483867645263672,0.0006600078546394239,0.0015347957611083984,0.0002852185268893437,3,2,2,"{""modelo__max_depth"": 3, ""modelo__min_samples_leaf"": 2, ""modelo__min_samples_split"": 2}",-75.6812230451095,-32.42219342304492,-79.61894217316744,-16.492078602311413,-22.499162068171106,-45.34271986236088,26.8939094538191,7,-10.665140559786682,-16.511399784989692,-11.500186488459333,-17.778778609267878,-17.197068567107358,-14.730514801922187,3.0169401644718357
0.003911352157592774,0.00023941055880444685,0.0018431186676025391,0.000333349746614077,3,2,3,"{""modelo__max_depth"": 3, ""modelo__min_samples_leaf"": 2, ""modelo__min_samples_split"": 3}",-75.6812230451095,-32.42219342304492,-79.61894217316744,-16.492078602311413,-22.499162068171106,-45.34271986236088,26.8939094538191,7,-10.665140559786682,-16.511399784989692,-11.500186488459333,-17.778778609267878,-17.197068567107358,-14.730514801922187,3.0169401644718357
0.0046465396881103516,0.0012477738599229703,0.001886129379272461,0.00040091917014211466,3,2,4,"{""modelo__max_depth"": 3, ""modelo__min_samples_leaf"": 2, ""modelo__min_samples_split"": 4}",-75.6812230451095,-32.42219342304492,-79.61894217316744,-16.492078602311413,-22.499162068171106,-45.34271986236088,26.8939094538191,7,-10.665140559786682,-16.511399784989692,-11.500186488459333,-17.778778609267878,-17.197068567107358,-14.730514801922187,3.0169401644718357
0.004210948944091797,0.0002787343440730321,0.0020668506622314453,0.00013273342807505785,3,2,5,"{""modelo__max_depth"": 3, ""modelo__min_samples_leaf"": 2, ""modelo__min_samples_split"": 5}",-75.6812230451095,-32.42219342304492,-79.61894217316744,-16.492078602311413,-22.499162068171106,-45.34271986236088,26.8939094538191,7,-10.665140559786682,-16.511399784989692,-11.500186488459333,-17.778778609267878,-17.197068567107358,-14.730514801922187,3.0169401644718357
0.004698801040649414,0.000603136078187056,0.001950550079345703,0.00018710444815472096,3,2,6,"{""modelo__max_depth"": 3, ""modelo__min_samples_leaf"": 2, ""modelo__min_samples_split"": 6}",-75.6812230451095,-32.42219342304492,-80.78509697204068,-16.492078602311413,-22.499162068171106,-45.57595082213552,27.193537925150657,11,-10.665140559786682,-16.511399784989692,-12.969707326467782,-17.778778609267878,-17.197068567107358,-15.024418969523879,2.74747751343682
0.0031523704528808594,0.0006537985726534277,0.0018626213073730468,0.0005235275182295692,3,2,7,"{""modelo__max_depth"": 3, ""modelo__min_samples_leaf"": 2, ""modelo__min_samples_split"": 7}",-75.6812230451095,-32.42219342304492,-80.78509697204068,-16.492078602311413,-22.499162068171106,-45.57595082213552,27.193537925150657,11,-10.665140559786682,-16.511399784989692,-12.969707326467782,-17.778778609267878,-17.197068567107358,-15.024418969523879,2.74747751343682
0.003952217102050781,0.0007921731515706002,0.001692342758178711,0.00027974632020538205,3,2,8,"{""modelo__max_depth"": 3, ""modelo__min_samples_leaf"": 2, ""modelo__min_samples_split"": 8}",-75.6812230451095,-40.52841742525434,-80.78509697204068,-16.492078602311413,-22.499162068171106,-47.19719562257741,26.596077194190638,19,-10.665140559786682,-21.296005328940566,-12.969707326467782,-17.778778609267878,-17.197068567107358,-15.981340078314053,3.7493027861196238
0.003417778015136719,0.0006245807499640721,0.0015317916870117188,0.0002840160520479423,3,2,9,"{""modelo__max_depth"": 3, ""modelo__min_samples_leaf"": 2, ""modelo__min_samples_split"": 9}",-75.6812230451095,-40.52841742525434,-80.78509697204068,-16.492078602311413,-22.499162068171106,-47.19719562257741,26.596077194190638,19,-10.665140559786682,-21.296005328940566,-12.969707326467782,-17.778778609267878,-17.197068567107358,-15.981340078314053,3.7493027861196238
0.004137992858886719,0.00016852999712402473,0.0018848896026611329,0.00023847671753609735,3,3,2,"{""modelo__max_depth"": 3, ""modelo__min_samples_leaf"": 3, ""modelo__min_samples_split"": 2}",-73.81642064650835,-25.43432927309496,-80.78509697204068,-17.740842934259472,-21.89632899438901,-43.93460376405849,27.44062917405855,1,-13.256894540417752,-19.700336190810784,-12.969707326467782,-19.94903597701778,-19.88992758842977,-17.15318032462877,3.300820705828483
0.0037537097930908205,0.0007197646185035577,0.001749134063720703,0.00039905055962625644,3,3,3,"{""modelo__max_depth"": 3, ""modelo__min_samples_leaf"": 3, ""modelo__min_samples_split"": 3}",-73.81642064650835,-25.43432927309496,-80.78509697204068,-17.740842934259472,-21.89632899438901,-43.93460376405849,27.44062917405855,1,-13.256894540417752,-19.700336190810784,-12.969707326467782,-19.94903597701778,-19.88992758842977,-17.15318032462877,3.300820705828483
0.0036005020141601563,0.0006148175228080649,0.0014390945434570312,0.0004412550942592094,3,3,4,"{""modelo__max_depth"": 3, ""modelo__min_samples_leaf"": 3, ""modelo__min_samples_split"": 4}",-73.81642064650835,-25.43432927309496,-80.78509697204068,-17.740842934259472,-21.89632899438901,-43.93460376405849,27.44062917405855,1,-13.256894540417752,-19.700336190810784,-12.969707326467782,-19.94903597701778,-19.88992758842977,-17.15318032462877,3.300820705828483
0.003703880310058594,0.0006918748338481375,0.0018761634826660156,0.00028518128766131796,3,3,5,"{""modelo__max_depth"": 3, ""modelo__min_samples_leaf"": 3, ""modelo__min_samples_split"": 5}",-73.81642064650835,-25.43432927309496,-80.78509697204068,-17.740842934259472,-21.89632899438901,-43.93460376405849,27.44062917405855,1,-13.256894540417752,-19.700336190810784,-12.969707326467782,-19.94903597701778,-19.88992758842977,-17.15318032462877,3.300820705828483
0.0039703369140625,0.0007318061734163837,0.0017078399658203125,0.0002968373700141155,3,3,6,"{""modelo__max_depth"": 3, ""modelo__min_samples_leaf"": 3, ""modelo__min_samples_split"": 6}",-73.81642064650835,-25.43432927309496,-80.78509697204068,-17.740842934259472,-21.89632899438901,-43.93460376405849,27.44062917405855,1,-13.256894540417752,-19.700336190810784,-12.969707326467782,-19.94903597701778,-19.88992758842977,-17.15318032462877,3.300820705828483
0.0040530204772949215,0.000982108072520724,0.0019341468811035155,0.0006387354962464721,3,3,7,"{""modelo__max_depth"": 3, ""modelo__min_samples_leaf"": 3, ""modelo__min_samples_split"": 7}",-73.81642064650835,-25.43432927309496,-80.78509697204068,-17.740842934259472,-21.89632899438901,-43.93460376405849,27.44062917405855,1,-13.256894540417752,-19.700336190810784,-12.969707326467782,-19.94903597701778,-19.88992758842977,-17.15318032462877,3.300820705828483
0.004099845886230469,0.0002985882552633721,0.002070713043212891,0.0006206238380985662,3,3,8,"{""modelo__max_depth"": 3, ""modelo__min_samples_leaf"": 3, ""modelo__min_samples_split"": 8}",-73.81642064650835,-36.44483886078817,-80.78509697204068,-17.740842934259472,-21.89632899438901,-46.13670568159713,26.285093894183042,18,-13.256894540417752,-21.907921693768884,-12.969707326467782,-19.94903597701778,-19.88992758842977,-17.594697425220396,3.731540228654731
0.003891324996948242,0.00016079713988742924,0.0017868518829345704,0.00022430262800237274,3,3,9,"{""modelo__max_depth"": 3, ""modelo__min_samples_leaf"": 3, ""modelo__min_samples_split"": 9}",-73.81642064650835,-36.44483886078817,-80.78509697204068,-17.740842934259472,-20.163036689335577,-45.790047220586445,26.61189795436984,13,-13.256894540417752,-21.907921693768884,-12.969707326467782,-19.94903597701778,-20.522088719617155,-17.721129651457872,3.816898613785543
0.004003381729125977,0.0002886334194789341,0.0019115447998046876,0.00010069109583227517,3,4,2,"{""modelo__max_depth"": 3, ""modelo__min_samples_leaf"": 4, ""modelo__min_samples_split"": 2}",-81.10885993718531,-30.003220261038827,-80.78509697204068,-34.41469653785645,-20.172184632475812,-49.29681166811942,26.25064740745889,29,-16.92116459041104,-22.312799864612273,-12.969707326467782,-22.216956676296576,-23.688205546658725,-19.62176680088928,4.051067539872488
0.004471254348754883,0.0010603757306266507,0.002143383026123047,0.00023210608897332504,3,4,3,"{""modelo__max_depth"": 3, ""modelo__min_samples_leaf"": 4, ""modelo__min_samples_split"": 3}",-81.10885993718531,-30.003220261038827,-80.78509697204068,-34.41469653785645,-20.172184632475812,-49.29681166811942,26.25064740745889,29,-16.92116459041104,-22.312799864612273,-12.969707326467782,-22.216956676296576,-23.688205546658725,-19.62176680088928,4.051067539872488
0.004251909255981445,0.0004171959016267921,0.0019696235656738283,0.0001950245556359632,3,4,4,"{""modelo__max_depth"": 3, ""modelo__min_samples_leaf"": 4, ""modelo__min_samples_split"": 4}",-81.10885993718531,-30.003220261038827,-80.78509697204068,-34.41469653785645,-20.172184632475812,-49.29681166811942,26.25064740745889,29,-16.92116459041104,-22.312799864612273,-12.969707326467782,-22.216956676296576,-23.688205546658725,-19.62176680088928,4.051067539872488
0.003949689865112305,0.00040290331345301433,0.0019422531127929687,0.00010657471563841542,3,4,5,"{""modelo__max_depth"": 3, ""modelo__min_samples_leaf"": 4, ""modelo__min_samples_split"": 5}",-81.10885993718531,-30.003220261038827,-80.78509697204068,-34.41469653785645,-20.172184632475812,-49.29681166811942,26.25064740745889,29,-16.92116459041104,-22.312799864612273,-12.969707326467782,-22.216956676296576,-23.688205546658725,-19.62176680088928,4.051067539872488
0.004274749755859375,0.0004861459150967608,0.002138185501098633,0.00022582513450998044,3,4,6,"{""modelo__max_depth"": 3, ""modelo__min_samples_leaf"": 4, ""modelo__min_samples_split"": 6}",-81.10885993718531,-30.003220261038827,-80.78509697204068,-34.41469653785645,-20.172184632475812,-49.29681166811942,26.25064740745889,29,-16.92116459041104,-22.312799864612273,-12.969707326467782,-22.216956676296576,-23.688205546658725,-19.62176680088928,4.051067539872488
0.004277515411376953,0.0001900236100621281,0.0018877983093261719,8.60693051872192e-05,3,4,7,"{""modelo__max_depth"": 3, ""modelo__min_samples_leaf"": 4, ""modelo__min_samples_split"": 7}",-81.10885993718531,-30.003220261038827,-80.78509697204068,-34.41469653785645,-20.172184632475812,-49.29681166811942,26.25064740745889,29,-16.92116459041104,-22.312799864612273,-12.969707326467782,-22.216956676296576,-23.688205546658725,-19.62176680088928,4.051067539872488
0.004466438293457031,0.00043359460126155875,0.002376842498779297,0.0005139592223979055,3,4,8,"{""modelo__max_depth"": 3, ""modelo__min_samples_leaf"": 4, ""modelo__min_samples_split"": 8}",-81.10885993718531,-30.003220261038827,-80.78509697204068,-34.41469653785645,-20.172184632475812,-49.29681166811942,26.25064740745889,29,-16.92116459041104,-22.312799864612273,-12.969707326467782,-22.216956676296576,-23.688205546658725,-19.62176680088928,4.051067539872488
0.00433645248413086,0.0002894674363704486,0.002103233337402344,0.0003058475536323259,3,4,9,"{""modelo__max_depth"": 3, ""modelo__min_samples_leaf"": 4, ""modelo__min_samples_split"": 9}",-77.70188472672255,-30.003220261038827,-80.78509697204068,-34.41469653785645,-20.172184632475812,-48.615416626026864,25.447996820684736,21,-17.555264899324033,-22.312799864612273,-12.969707326467782,-22.216956676296576,-23.688205546658725,-19.74858686267188,3.973726267186072
0.004550457000732422,0.000642145484569763,0.001911306381225586,0.0001435554357745576,4,1,2,"{""modelo__max_depth"": 4, ""modelo__min_samples_leaf"": 1, ""modelo__min_samples_split"": 2}",-100.76338853250134,-69.5859718416118,-55.02190861548667,-34.42430682692982,-27.16241192596231,-57.39159754849838,26.36941618500726,334,-4.559596193354427,-6.413281842841935,-4.731940746394287,-8.684039488424004,-6.906349510584072,-6.259041556319746,1.51944490191185
0.004259157180786133,0.0003737617855370119,0.0019593238830566406,1.9515401773148654e-05,4,1,3,"{""modelo__max_depth"": 4, ""modelo__min_samples_leaf"": 1, ""modelo__min_samples_split"": 3}",-100.76338853250134,-43.05786864110092,-55.02190861548667,-34.42430682692982,-27.16241192596231,-52.085976908396205,26.048936706888597,218,-4.856556409428574,-6.445315006533841,-4.731940746394287,-8.980999704498151,-7.198006865656895,-6.4425637465023495,1.5783541624303672
0.005034065246582032,0.001021938198755788,0.002221965789794922,0.00044019292959877453,4,1,4,"{""modelo__max_depth"": 4, ""modelo__min_samples_leaf"": 1, ""modelo__min_samples_split"": 4}",-98.95385710772098,-43.05786864110088,-55.02190861548667,-34.42430682692982,-27.16241192596231,-51.72407062344013,25.373956841445445,215,-5.132422471076187,-6.609726462890444,-4.731940746394287,-8.980999704498151,-7.198006865656895,-6.530619250103193,1.5261865642428039
0.004191064834594726,0.0006504503602680874,0.002658843994140625,0.0007311746258078296,4,1,5,"{""modelo__max_depth"": 4, ""modelo__min_samples_leaf"": 1, ""modelo__min_samples_split"": 5}",-98.95385710772098,-43.05786864110088,-57.43337374335148,-31.678713027920384,-26.54629019430382,-51.5340205428795,25.976559909152495,200,-5.132422471076187,-6.609726462890444,-5.942335702143549,-10.099081985915026,-10.182360329850516,-7.593185390375145,2.1321911225275327
0.004765939712524414,0.0008704431920488163,0.0020470619201660156,0.00039073344328185,4,1,6,"{""modelo__max_depth"": 4, ""modelo__min_samples_leaf"": 1, ""modelo__min_samples_split"": 6}",-98.95385710772098,-43.78800584206384,-80.87810665474565,-31.678713027920384,-28.262918286520176,-56.71232018379421,28.18304644358442,332,-5.132422471076187,-7.548495066596039,-8.785072537619184,-10.099081985915026,-10.634340733825526,-8.439882559006392,1.9708683079037048
0.004235219955444336,0.0008490173563813546,0.0017740249633789063,0.0001480983135437147,4,1,7,"{""modelo__max_depth"": 4, ""modelo__min_samples_leaf"": 1, ""modelo__min_samples_split"": 7}",-98.95385710772098,-53.87668074711926,-84.47893318152657,-31.678713027920384,-28.262918286520176,-59.45022047016147,28.149396283874086,369,-5.132422471076187,-9.289430298974246,-9.880075903990939,-10.099081985915026,-10.634340733825526,-9.007070278756384,1.9847045290814465
0.004397773742675781,0.001593269587639688,0.0015074253082275391,0.00031048813546357367,4,1,8,"{""modelo__max_depth"": 4, ""modelo__min_samples_leaf"": 1, ""modelo__min_samples_split"": 8}",-98.95385710772098,-47.17654015579704,-84.47893318152657,-31.678713027920384,-28.262918286520176,-58.110192351897034,28.539597272418234,364,-5.132422471076187,-17.992871206676522,-9.880075903990939,-10.099081985915026,-10.634340733825526,-10.74775846029684,4.128199964807953
0.00409088134765625,0.00042183510708444566,0.002004575729370117,0.00033114280458087814,4,1,9,"{""modelo__max_depth"": 4, ""modelo__min_samples_leaf"": 1, ""modelo__min_samples_split"": 9}",-93.89798788916461,-47.17654015579704,-88.48536357134958,-32.18455114842168,-28.262918286520176,-58.00147221025062,27.877954110632537,349,-5.883592342631602,-17.992871206676522,-10.98358068139161,-10.445226901126993,-10.634340733825526,-11.187922373130451,3.881830764526568
0.0036150932312011717,0.0004509299124402811,0.0019139289855957032,0.0002657139969581583,4,2,2,"{""modelo__max_depth"": 4, ""modelo__min_samples_leaf"": 2, ""modelo__min_samples_split"": 2}",-98.95385710772098,-44.599898874329675,-78.67502993595667,-22.306868869463056,-27.16241192596231,-54.33961334268654,29.806718305613817,254,-5.132422471076187,-11.226590059693043,-6.4424120840127,-9.49028757387215,-7.198006865656895,-7.897943810862195,2.1850417444704795
0.004687881469726563,0.0009654116232260569,0.0020997047424316405,0.0008047873492305269,4,2,3,"{""modelo__max_depth"": 4, ""modelo__min_samples_leaf"": 2, ""modelo__min_samples_split"": 3}",-98.95385710772098,-44.599898874329675,-78.67502993595667,-22.306868869463056,-27.16241192596231,-54.33961334268654,29.806718305613817,254,-5.132422471076187,-11.226590059693043,-6.4424120840127,-9.49028757387215,-7.198006865656895,-7.897943810862195,2.1850417444704795
0.003926897048950195,0.0012296190525154542,0.001981019973754883,0.000865088335975403,4,2,4,"{""modelo__max_depth"": 4, ""modelo__min_samples_leaf"": 2, ""modelo__min_samples_split"": 4}",-98.95385710772098,-44.599898874329675,-78.67502993595667,-22.306868869463056,-27.16241192596231,-54.33961334268654,29.806718305613817,254,-5.132422471076187,-11.226590059693043,-6.4424120840127,-9.49028757387215,-7.198006865656895,-7.897943810862195,2.1850417444704795
0.004108333587646484,0.002319659679885197,0.0015111923217773437,0.0005485785432821802,4,2,5,"{""modelo__max_depth"": 4, ""modelo__min_samples_leaf"": 2, ""modelo__min_samples_split"": 5}",-98.95385710772098,-44.599898874329675,-79.71195185587244,-25.049992917359024,-26.54629019430382,-54.97239818991719,29.520829728361285,328,-5.132422471076187,-11.226590059693043,-7.315551699610734,-10.326565305004207,-10.182360329850516,-8.836697973046938,2.2705787372762396
0.004643058776855469,0.0006922681332501212,0.0024866104125976563,0.0007297000191291081,4,2,6,"{""modelo__max_depth"": 4, ""modelo__min_samples_leaf"": 2, ""modelo__min_samples_split"": 6}",-98.95385710772098,-40.42786943172659,-80.87810665474565,-25.049992917359024,-28.262918286520176,-54.71454887961448,29.75040167484146,327,-5.132422471076187,-12.508616082798586,-8.785072537619184,-10.326565305004207,-10.634340733825526,-9.477403426064738,2.4741063663224057
0.005181169509887696,0.002118155262334418,0.0019577980041503907,0.0007008638230901944,4,2,7,"{""modelo__max_depth"": 4, ""modelo__min_samples_leaf"": 2, ""modelo__min_samples_split"": 7}",-98.95385710772098,-39.070316153587626,-84.47893318152657,-25.049992917359024,-28.262918286520176,-55.16320352934288,30.549779604629247,331,-5.132422471076187,-13.208265662725648,-9.880075903990939,-10.326565305004207,-10.634340733825526,-9.8363340153245,2.6220511682206307
0.004680442810058594,0.0009737379677199592,0.0019346714019775391,0.0005546794300443047,4,2,8,"{""modelo__max_depth"": 4, ""modelo__min_samples_leaf"": 2, ""modelo__min_samples_split"": 8}",-98.95385710772098,-47.17654015579704,-84.47893318152657,-16.79055507997621,-28.262918286520176,-55.132560762308195,31.73925310391481,330,-5.132422471076187,-17.992871206676522,-9.880075903990939,-14.389004704996534,-10.634340733825526,-11.605743004113142,4.3443614123640035
0.005204010009765625,0.0002254944922459468,0.0025978565216064455,0.0006288437507129264,4,2,9,"{""modelo__max_depth"": 4, ""modelo__min_samples_leaf"": 2, ""modelo__min_samples_split"": 9}",-93.89798788916461,-47.17654015579704,-88.48536357134958,-17.743410356997796,-28.262918286520176,-55.11324405196584,30.97867152919488,329,-5.883592342631602,-17.992871206676522,-10.98358068139161,-14.639127250282995,-10.634340733825526,-12.026702442961652,4.07883583720506
0.005294513702392578,0.0009644013005204685,0.0024993419647216797,0.00039497469828608854,4,3,2,"{""modelo__max_depth"": 4, ""modelo__min_samples_leaf"": 3, ""modelo__min_samples_split"": 2}",-85.59811499533862,-34.74507378462794,-80.87810665474565,-24.020962603114544,-27.660085212738085,-50.58046865011297,26.928399481371788,146,-7.880660922379209,-14.643921270654975,-8.785072537619184,-14.273065452496393,-13.327199755147943,-11.78198398765954,2.8630635181015136
0.0054915428161621095,0.0010150880976625971,0.00248565673828125,0.0002389572067450985,4,3,3,"{""modelo__max_depth"": 4, ""modelo__min_samples_leaf"": 3, ""modelo__min_samples_split"": 3}",-85.59811499533862,-34.74507378462794,-80.87810665474565,-24.020962603114544,-27.660085212738085,-50.58046865011297,26.928399481371788,146,-7.880660922379209,-14.643921270654975,-8.785072537619184,-14.273065452496393,-13.327199755147943,-11.78198398765954,2.8630635181015136
0.005431842803955078,0.0005942946134054826,0.002208423614501953,0.00038351356036399266,4,3,4,"{""modelo__max_depth"": 4, ""modelo__min_samples_leaf"": 3, ""modelo__min_samples_split"": 4}",-85.59811499533862,-34.74507378462794,-80.87810665474565,-24.020962603114544,-27.660085212738085,-50.58046865011297,26.928399481371788,146,-7.880660922379209,-14.643921270654975,-8.785072537619184,-14.273065452496393,-13.327199755147943,-11.78198398765954,2.8630635181015136
0.005005979537963867,0.0007933834332940214,0.0028170108795166015,0.0007405072520623913,4,3,5,"{""modelo__max_depth"": 4, ""modelo__min_samples_leaf"": 3, ""modelo__min_samples_split"": 5}",-85.59811499533862,-34.74507378462794,-80.87810665474565,-24.020962603114544,-27.660085212738085,-50.58046865011297,26.928399481371788,146,-7.880660922379209,-14.643921270654975,-8.785072537619184,-14.273065452496393,-13.327199755147943,-11.78198398765954,2.8630635181015136
0.005186796188354492,0.0006162619339822931,0.0023260593414306642,0.0004060467728019027,4,3,6,"{""modelo__max_depth"": 4, ""modelo__min_samples_leaf"": 3, ""modelo__min_samples_split"": 6}",-85.59811499533862,-34.74507378462794,-80.87810665474565,-24.020962603114544,-27.660085212738085,-50.58046865011297,26.928399481371788,146,-7.880660922379209,-14.643921270654975,-8.785072537619184,-14.273065452496393,-13.327199755147943,-11.78198398765954,2.8630635181015136
0.0051496028900146484,0.0017693951074149025,0.0022375106811523436,0.00019164929533906652,4,3,7,"{""modelo__max_depth"": 4, ""modelo__min_samples_leaf"": 3, ""modelo__min_samples_split"": 7}",-85.59811499533862,-33.38752050648897,-84.47893318152657,-21.501045224454383,-27.660085212738085,-50.52513982410933,28.431955459680363,145,-7.880660922379209,-15.343570850582035,-9.880075903990939,-14.539940794093303,-13.327199755147943,-12.194289645238687,2.851894624225959
0.005477476119995117,0.0011013117800781171,0.002530193328857422,0.0003131451953937248,4,3,8,"{""modelo__max_depth"": 4, ""modelo__min_samples_leaf"": 3, ""modelo__min_samples_split"": 8}",-74.96117773600902,-42.01145743889634,-84.47893318152657,-18.51621044593919,-27.660085212738085,-49.525572803021845,25.941663135256846,38,-8.588311093307244,-18.496186812509798,-9.880075903990939,-17.059979207606794,-13.327199755147943,-13.470350554512544,3.8701249974029928
0.00505986213684082,0.00032604382193075803,0.002663135528564453,0.0005890139175599285,4,3,9,"{""modelo__max_depth"": 4, ""modelo__min_samples_leaf"": 3, ""modelo__min_samples_split"": 9}",-74.96117773600902,-42.01145743889634,-88.48536357134958,-19.626953421715875,-25.926792907684664,-50.2023490151311,27.091832525595805,137,-8.588311093307244,-18.496186812509798,-10.98358068139161,-17.191670491334115,-13.959360886335324,-13.843821992975617,3.7058686537680807
0.005299711227416992,0.00039829050965453546,0.002540922164916992,0.00016773451774719882,4,4,2,"{""modelo__max_depth"": 4, ""modelo__min_samples_leaf"": 4, ""modelo__min_samples_split"": 2}",-76.609121886221,-29.757962566939852,-84.25000163492767,-36.210726606755856,-24.657960475255646,-50.29715463402,24.991076737885706,138,-13.10790725993778,-19.735482701413016,-10.2360818693135,-20.100722156641563,-17.74596309219916,-16.185231415901004,3.879008625539321
0.005408668518066406,0.0010756858321787311,0.0025266170501708984,0.000550813373668163,4,4,3,"{""modelo__max_depth"": 4, ""modelo__min_samples_leaf"": 4, ""modelo__min_samples_split"": 3}",-76.609121886221,-29.757962566939852,-84.25000163492767,-36.210726606755856,-24.657960475255646,-50.29715463402,24.991076737885706,138,-13.10790725993778,-19.735482701413016,-10.2360818693135,-20.100722156641563,-17.74596309219916,-16.185231415901004,3.879008625539321
0.004766654968261719,0.0003127027553264375,0.002372264862060547,0.00023549837843996982,4,4,4,"{""modelo__max_depth"": 4, ""modelo__min_samples_leaf"": 4, ""modelo__min_samples_split"": 4}",-76.609121886221,-29.757962566939852,-84.25000163492767,-36.210726606755856,-24.657960475255646,-50.29715463402,24.991076737885706,138,-13.10790725993778,-19.735482701413016,-10.2360818693135,-20.100722156641563,-17.74596309219916,-16.185231415901004,3.879008625539321
0.004867362976074219,0.001904526233997766,0.0023482799530029296,0.000849542020366144,4,4,5,"{""modelo__max_depth"": 4, ""modelo__min_samples_leaf"": 4, ""modelo__min_samples_split"": 5}",-76.609121886221,-29.757962566939852,-84.25000163492767,-36.210726606755856,-24.657960475255646,-50.29715463402,24.991076737885706,138,-13.10790725993778,-19.735482701413016,-10.2360818693135,-20.100722156641563,-17.74596309219916,-16.185231415901004,3.879008625539321
0.004957342147827148,0.0009749089291361592,0.002047872543334961,0.00033690003379047097,4,4,6,"{""modelo__max_depth"": 4, ""modelo__min_samples_leaf"": 4, ""modelo__min_samples_split"": 6}",-76.609121886221,-29.757962566939852,-84.25000163492767,-36.210726606755856,-24.657960475255646,-50.29715463402,24.991076737885706,138,-13.10790725993778,-19.735482701413016,-10.2360818693135,-20.100722156641563,-17.74596309219916,-16.185231415901004,3.879008625539321
0.0049511432647705075,0.0005281242789885828,0.0023337364196777343,0.00021625017773350017,4,4,7,"{""modelo__max_depth"": 4, ""modelo__min_samples_leaf"": 4, ""modelo__min_samples_split"": 7}",-76.609121886221,-29.757962566939852,-84.25000163492767,-36.210726606755856,-24.657960475255646,-50.29715463402,24.991076737885706,138,-13.10790725993778,-19.735482701413016,-10.2360818693135,-20.100722156641563,-17.74596309219916,-16.185231415901004,3.879008625539321
0.004417896270751953,0.0008099181812141943,0.001953411102294922,0.0004278452431488394,4,4,8,"{""modelo__max_depth"": 4, ""modelo__min_samples_leaf"": 4, ""modelo__min_samples_split"": 8}",-76.609121886221,-29.757962566939852,-84.25000163492767,-36.210726606755856,-24.657960475255646,-50.29715463402,24.991076737885706,138,-13.10790725993778,-19.735482701413016,-10.2360818693135,-20.100722156641563,-17.74596309219916,-16.185231415901004,3.879008625539321
0.004652595520019532,0.0010454393936002342,0.002159404754638672,0.0004438297041433154,4,4,9,"{""modelo__max_depth"": 4, ""modelo__min_samples_leaf"": 4, ""modelo__min_samples_split"": 9}",-79.32950850764145,-29.757962566939852,-88.48536357134958,-36.902535517171536,-24.657960475255646,-51.826666127671615,26.63892773894222,216,-14.346689626969448,-19.735482701413016,-10.98358068139161,-20.214827426666442,-17.74596309219916,-16.605308705727936,3.4880623042596284
0.004508256912231445,0.0008947347964406015,0.0027325630187988283,0.001461853281649579,5,1,2,"{""modelo__max_depth"": 5, ""modelo__min_samples_leaf"": 1, ""modelo__min_samples_split"": 2}",-99.47820785057834,-75.39121948277678,-54.750284833590584,-48.53839199201617,-39.10912905831016,-63.4534466434544,21.59232974842682,428,-1.9183680623855848,-2.552016774071519,-1.730078795043869,-5.48711724550336,-2.029197340509164,-2.7433556435026993,1.3987276256600618
0.004782199859619141,0.0002726389165074603,0.0024877071380615236,0.00034041993501708953,5,1,3,"{""modelo__max_depth"": 5, ""modelo__min_samples_leaf"": 1, ""modelo__min_samples_split"": 3}",-100.82433383790475,-85.3044316745531,-55.242019114620696,-48.53839199201617,-39.93400853164143,-65.96863703014722,23.175280837716507,519,-2.5950783314212442,-2.7214529930596907,-1.8492619781782493,-5.816110625269413,-2.604900184960479,-3.1173608225778153,1.384446683108099
0.0047587394714355465,0.0007282918383724144,0.0020485877990722655,0.0002964757262354789,5,1,4,"{""modelo__max_depth"": 5, ""modelo__min_samples_leaf"": 1, ""modelo__min_samples_split"": 4}",-99.50791179325233,-52.05742244351036,-73.66470570347428,-42.54166975288718,-37.21479052792726,-60.997300044210284,22.93325028546717,399,-3.0305685390183035,-3.643112930771392,-2.381494364324197,-6.348398941996128,-2.780689319642685,-3.6368528191505414,1.416265722359009
0.004805564880371094,0.000978673029415086,0.0021799087524414064,0.00018679692623705302,5,1,5,"{""modelo__max_depth"": 5, ""modelo__min_samples_leaf"": 1, ""modelo__min_samples_split"": 5}",-99.50791179325233,-77.49132062789165,-63.64620809075044,-39.79607595387774,-36.05361440905959,-63.29902617496636,23.695258117303045,427,-3.0305685390183035,-3.8952024293415732,-4.046758408585304,-7.466481223413007,-6.17594203144756,-4.92299052636115,1.63979416237913
0.0045319080352783205,0.0003747097738509144,0.0018931865692138673,0.00020057505370708805,5,1,6,"{""modelo__max_depth"": 5, ""modelo__min_samples_leaf"": 1, ""modelo__min_samples_split"": 6}",-97.48317166425159,-46.765192078757444,-85.54095140794672,-39.79607595387774,-36.03647934550559,-61.12437409006782,25.332257227080305,400,-3.2512157870701475,-4.83397103304717,-7.582198215924121,-7.466481223413007,-7.112310300807827,-6.0492353120524545,1.720143610262849
0.004513168334960937,0.00029467230832707026,0.002118206024169922,0.00045153426416625215,5,1,7,"{""modelo__max_depth"": 5, ""modelo__min_samples_leaf"": 1, ""modelo__min_samples_split"": 7}",-102.74819086560662,-51.13700172483432,-85.71202388204506,-39.79607595387774,-36.03647934550559,-63.08595435437387,26.464701133593934,426,-3.7272889952923665,-7.359145931755727,-9.522763323654035,-7.466481223413007,-7.112310300807827,-7.037597954984593,1.8669283977793263
0.0041216850280761715,0.0005016646130271195,0.0018385887145996095,0.00027832632420398784,5,1,8,"{""modelo__max_depth"": 5, ""modelo__min_samples_leaf"": 1, ""modelo__min_samples_split"": 8}",-102.74819086560662,-65.03250369558681,-85.71202388204506,-35.953686202806864,-32.3819371915738,-64.36566836752384,27.420902198456375,434,-3.7272889952923665,-16.062586839458003,-9.522763323654035,-7.74508668149508,-8.507047028904624,-9.11295457376082,3.992716170393621
0.0035301685333251954,0.0008428801422122181,0.001598501205444336,0.00028604215148736727,5,1,9,"{""modelo__max_depth"": 5, ""modelo__min_samples_leaf"": 1, ""modelo__min_samples_split"": 9}",-97.69232164705038,-65.03250369558681,-89.71845427186807,-36.45952432330814,-32.3819371915738,-64.25694822587744,26.666559869191982,433,-4.478458866847782,-16.062586839458003,-10.626268101054704,-8.091231596707047,-8.507047028904624,-9.553118486594432,3.8081065468721778
0.004006004333496094,0.0009871500607845772,0.001673746109008789,0.000282945799921547,5,2,2,"{""modelo__max_depth"": 5, ""modelo__min_samples_leaf"": 2, ""modelo__min_samples_split"": 2}",-99.50791179325233,-56.734855217920185,-93.81124603429718,-33.546099212956605,-36.01193353338595,-63.92240915836246,27.975154529448186,430,-3.0409888893279637,-8.63421705453315,-4.259515495148897,-7.08510810820811,-3.325488474094596,-5.269063604262543,2.208314469940011
0.0037468910217285157,0.000890660482201293,0.001649951934814453,0.0006499533008519418,5,2,3,"{""modelo__max_depth"": 5, ""modelo__min_samples_leaf"": 2, ""modelo__min_samples_split"": 3}",-99.50791179325233,-56.734855217920185,-93.81124603429718,-33.546099212956605,-36.01193353338595,-63.92240915836246,27.975154529448186,430,-3.0409888893279637,-8.63421705453315,-4.259515495148897,-7.08510810820811,-3.325488474094596,-5.269063604262543,2.208314469940011
0.003577995300292969,0.0005368722968487532,0.0015964508056640625,0.00025312508789958907,5,2,4,"{""modelo__max_depth"": 5, ""modelo__min_samples_leaf"": 2, ""modelo__min_samples_split"": 4}",-99.50791179325233,-56.734855217920185,-93.81124603429718,-33.546099212956605,-36.01193353338595,-63.92240915836246,27.975154529448186,430,-3.0409888893279637,-8.63421705453315,-4.259515495148897,-7.08510810820811,-3.325488474094596,-5.269063604262543,2.208314469940011
0.003169822692871094,0.0008623301519596937,0.0014287948608398438,0.000329468370002381,5,2,5,"{""modelo__max_depth"": 5, ""modelo__min_samples_leaf"": 2, ""modelo__min_samples_split"": 5}",-99.50791179325233,-56.734855217920185,-86.60842280685686,-28.52606779646526,-33.11699425874792,-60.89885037464852,28.244677994399847,385,-3.0409888893279637,-8.639825743785387,-5.5875241992587785,-8.826895621879038,-6.720741185899472,-6.563195128030128,2.1363251601615345
0.003522920608520508,0.0006723800505447259,0.0016672134399414063,0.00025500395253323573,5,2,6,"{""modelo__max_depth"": 5, ""modelo__min_samples_leaf"": 2, ""modelo__min_samples_split"": 6}",-97.48317166425159,-47.63466322573087,-85.54095140794672,-28.52606779646526,-34.83362235096428,-58.80369528907174,27.665968834998644,367,-3.2616361373798077,-9.921851766890928,-7.582198215924121,-8.826895621879038,-7.6571094552597385,-7.449938239466727,2.263124178316952
0.003970718383789063,0.0004781760159315187,0.0017497539520263672,0.00022483966736016136,5,2,7,"{""modelo__max_depth"": 5, ""modelo__min_samples_leaf"": 2, ""modelo__min_samples_split"": 7}",-102.74819086560662,-47.40634053973768,-85.71202388204506,-26.27205304907494,-34.83362235096428,-59.394446137485716,29.719366564886652,368,-3.7272889952923665,-11.405741013148338,-9.522763323654035,-9.08263954974475,-7.6571094552597385,-8.279108467419844,2.571929779588579
0.0036083221435546874,0.0004110397871667125,0.0015430927276611328,0.0002796151058974087,5,2,8,"{""modelo__max_depth"": 5, ""modelo__min_samples_leaf"": 2, ""modelo__min_samples_split"": 8}",-102.74819086560662,-55.512564541947086,-85.71202388204506,-18.860260005887493,-31.179080197032484,-58.80242389850374,31.700491333294092,366,-3.7272889952923665,-16.19034655709921,-9.522763323654035,-13.145078949737073,-9.051846183356536,-10.327464801827846,4.198795064509201
0.0037240982055664062,0.0009071498656881164,0.0017218589782714844,0.0001960345352678204,5,2,9,"{""modelo__max_depth"": 5, ""modelo__min_samples_leaf"": 2, ""modelo__min_samples_split"": 9}",-97.69232164705038,-55.512564541947086,-89.71845427186807,-19.813115282909106,-31.179080197032484,-58.78310718816142,30.86182656104568,365,-4.478458866847782,-16.19034655709921,-10.626268101054704,-13.395201495023533,-9.051846183356536,-10.748424240676353,3.9705343053081994
0.0037836074829101563,0.000761530373641357,0.0014997959136962891,0.00036850260033506756,5,3,2,"{""modelo__max_depth"": 5, ""modelo__min_samples_leaf"": 3, ""modelo__min_samples_split"": 2}",-83.23584595318516,-42.85408223772989,-85.54095140794672,-25.440291721891665,-34.2307892771822,-54.26039211958713,25.21879218493315,249,-6.504048949159061,-13.498663205170539,-7.582198215924121,-12.805872309879597,-10.349968476582152,-10.148150231343095,2.763828443984387
0.0036217212677001954,0.0011295445038732963,0.0017102718353271484,0.00040630568159957895,5,3,3,"{""modelo__max_depth"": 5, ""modelo__min_samples_leaf"": 3, ""modelo__min_samples_split"": 3}",-83.23584595318516,-42.85408223772989,-85.54095140794672,-25.440291721891665,-34.2307892771822,-54.26039211958713,25.21879218493315,249,-6.504048949159061,-13.498663205170539,-7.582198215924121,-12.805872309879597,-10.349968476582152,-10.148150231343095,2.763828443984387
0.004409599304199219,0.0004925262386712541,0.002253818511962891,0.0007431461966202765,5,3,4,"{""modelo__max_depth"": 5, ""modelo__min_samples_leaf"": 3, ""modelo__min_samples_split"": 4}",-83.23584595318516,-42.85408223772989,-85.54095140794672,-25.440291721891665,-34.2307892771822,-54.26039211958713,25.21879218493315,249,-6.504048949159061,-13.498663205170539,-7.582198215924121,-12.805872309879597,-10.349968476582152,-10.148150231343095,2.763828443984387
0.003366422653198242,0.0007314211744487933,0.0015958309173583984,0.0004051334494536945,5,3,5,"{""modelo__max_depth"": 5, ""modelo__min_samples_leaf"": 3, ""modelo__min_samples_split"": 5}",-83.23584595318516,-42.85408223772989,-85.54095140794672,-25.440291721891665,-34.2307892771822,-54.26039211958713,25.21879218493315,249,-6.504048949159061,-13.498663205170539,-7.582198215924121,-12.805872309879597,-10.349968476582152,-10.148150231343095,2.763828443984387
0.004380702972412109,0.0003739348968287101,0.0021014690399169924,0.00044304647578043523,5,3,6,"{""modelo__max_depth"": 5, ""modelo__min_samples_leaf"": 3, ""modelo__min_samples_split"": 6}",-83.23584595318516,-42.85408223772989,-85.54095140794672,-25.440291721891665,-34.2307892771822,-54.26039211958713,25.21879218493315,249,-6.504048949159061,-13.498663205170539,-7.582198215924121,-12.805872309879597,-10.349968476582152,-10.148150231343095,2.763828443984387
0.004339170455932617,0.0007848836873866885,0.0019333839416503906,0.0006510794764891744,5,3,7,"{""modelo__max_depth"": 5, ""modelo__min_samples_leaf"": 3, ""modelo__min_samples_split"": 7}",-83.23584595318516,-41.49652895959092,-85.71202388204506,-22.920374343231497,-34.2307892771822,-53.51911248304697,25.97049285208253,234,-6.544421606314724,-14.198312785097603,-9.522763323654035,-13.072747651476508,-10.349968476582152,-10.737642768625003,2.7069643113790796
0.0037307262420654295,0.00042292406107666714,0.0018715858459472656,0.00019993890647857055,5,3,8,"{""modelo__max_depth"": 5, ""modelo__min_samples_leaf"": 3, ""modelo__min_samples_split"": 8}",-72.59890869385552,-50.120465891998286,-85.71202388204506,-20.78318435891169,-30.576247123250404,-51.9581659900122,24.48593987469662,217,-7.252071777242758,-17.350928747025364,-9.522763323654035,-15.59278606499,-11.744705204678953,-12.292651023518221,3.7378343047359337
0.004475450515747071,0.0002630468455571051,0.002062559127807617,8.794950832365972e-05,5,3,9,"{""modelo__max_depth"": 5, ""modelo__min_samples_leaf"": 3, ""modelo__min_samples_split"": 9}",-72.59890869385552,-49.68603059408618,-89.71845427186807,-21.893927334688374,-28.842954818196972,-52.548055142539035,25.66504945303273,233,-7.252071777242758,-17.95003477031236,-10.626268101054704,-15.724477348717315,-12.376866335866335,-12.785943666638696,3.7618638472738732
0.004134845733642578,0.00023668125409326572,0.002004528045654297,0.0005664965438397236,5,4,2,"{""modelo__max_depth"": 5, ""modelo__min_samples_leaf"": 4, ""modelo__min_samples_split"": 2}",-75.48130012568937,-29.698576391249453,-83.35090068949187,-33.55436546491702,-23.734419450789645,-49.16391242442747,25.02227582821426,22,-12.819271551079671,-18.89769376676906,-9.909098336628695,-18.481290914701887,-16.31552733305176,-15.284576380446214,3.444124069449601
0.00452113151550293,0.0013160242024150323,0.0018119335174560547,0.00035660439588599445,5,4,3,"{""modelo__max_depth"": 5, ""modelo__min_samples_leaf"": 4, ""modelo__min_samples_split"": 3}",-75.48130012568937,-29.698576391249453,-83.35090068949187,-33.55436546491702,-23.734419450789645,-49.16391242442747,25.02227582821426,22,-12.819271551079671,-18.89769376676906,-9.909098336628695,-18.481290914701887,-16.31552733305176,-15.284576380446214,3.444124069449601
0.003412294387817383,0.0005449737105966634,0.0016885757446289062,0.000304916636886322,5,4,4,"{""modelo__max_depth"": 5, ""modelo__min_samples_leaf"": 4, ""modelo__min_samples_split"": 4}",-75.48130012568937,-29.698576391249453,-83.35090068949187,-33.55436546491702,-23.734419450789645,-49.16391242442747,25.02227582821426,22,-12.819271551079671,-18.89769376676906,-9.909098336628695,-18.481290914701887,-16.31552733305176,-15.284576380446214,3.444124069449601
0.0038846015930175783,0.0008209576912891275,0.001542949676513672,0.00032735034486566143,5,4,5,"{""modelo__max_depth"": 5, ""modelo__min_samples_leaf"": 4, ""modelo__min_samples_split"": 5}",-75.48130012568937,-29.698576391249453,-83.35090068949187,-33.55436546491702,-23.734419450789645,-49.16391242442747,25.02227582821426,22,-12.819271551079671,-18.89769376676906,-9.909098336628695,-18.481290914701887,-16.31552733305176,-15.284576380446214,3.444124069449601
0.004071760177612305,0.0005521762021039595,0.001936960220336914,0.0003184153951576642,5,4,6,"{""modelo__max_depth"": 5, ""modelo__min_samples_leaf"": 4, ""modelo__min_samples_split"": 6}",-75.48130012568937,-29.698576391249453,-83.35090068949187,-33.55436546491702,-23.734419450789645,-49.16391242442747,25.02227582821426,22,-12.819271551079671,-18.89769376676906,-9.909098336628695,-18.481290914701887,-16.31552733305176,-15.284576380446214,3.444124069449601
0.004202556610107422,0.0003503716698335682,0.0017755508422851562,0.00035394981475604794,5,4,7,"{""modelo__max_depth"": 5, ""modelo__min_samples_leaf"": 4, ""modelo__min_samples_split"": 7}",-75.48130012568937,-29.698576391249453,-83.35090068949187,-33.55436546491702,-23.734419450789645,-49.16391242442747,25.02227582821426,22,-12.819271551079671,-18.89769376676906,-9.909098336628695,-18.481290914701887,-16.31552733305176,-15.284576380446214,3.444124069449601
0.0037545204162597657,0.0008125723600807214,0.002000713348388672,0.00016151324160551019,5,4,8,"{""modelo__max_depth"": 5, ""modelo__min_samples_leaf"": 4, ""modelo__min_samples_split"": 8}",-75.48130012568937,-29.698576391249453,-83.35090068949187,-33.55436546491702,-23.734419450789645,-49.16391242442747,25.02227582821426,22,-12.819271551079671,-18.89769376676906,-9.909098336628695,-18.481290914701887,-16.31552733305176,-15.284576380446214,3.444124069449601
0.004095315933227539,0.00035050823420338864,0.0019793987274169924,0.00022928194995291282,5,4,9,"{""modelo__max_depth"": 5, ""modelo__min_samples_leaf"": 4, ""modelo__min_samples_split"": 9}",-78.20168674710978,-29.757962566939852,-87.58626262591379,-34.72834800999018,-23.734419450789645,-50.80173588014865,26.599595963063496,169,-14.058053918111339,-19.735482701413016,-10.656597148706805,-19.381395902061907,-16.31552733305176,-16.029411400668966,3.40017676660094
0.00412454605102539,0.0003506020751380456,0.0016602039337158202,0.0003447997126545905,6,1,2,"{""modelo__max_depth"": 6, ""modelo__min_samples_leaf"": 1, ""modelo__min_samples_split"": 2}",-88.95728916750268,-49.16070577209174,-47.43383159805473,-65.09730059533736,-34.81944682250772,-57.09371479109884,18.610393583704436,333,-0.8524439715181621,-0.7742923721507377,-0.9345464202856671,-2.1445297989610492,-0.5680971355670505,-1.0547819396965334,0.558298150872583
0.003975534439086914,0.00012533686245832097,0.0017537117004394532,0.00017541682238126914,6,1,3,"{""modelo__max_depth"": 6, ""modelo__min_samples_leaf"": 1, ""modelo__min_samples_split"": 3}",-101.28962034015807,-75.53820223960507,-71.84043134897016,-64.5301328561243,-34.63077020867713,-69.56583139870693,21.41522151816124,560,-1.5557178386746608,-1.108821485166426,-1.1456265701591763,-2.5693860729962705,-1.3273783926031153,-1.54138607191993,0.5378710614087705
0.0033168792724609375,0.0008476640158728213,0.0012222766876220704,4.310001271527241e-05,6,1,4,"{""modelo__max_depth"": 6, ""modelo__min_samples_leaf"": 1, ""modelo__min_samples_split"": 4}",-95.38900078465578,-65.78914734712194,-73.56407163410492,-58.53341061699532,-38.72077538748245,-66.39928115407209,18.547678727658564,533,-2.0048519045676856,-2.240828950144154,-1.7988778231511804,-3.101674389722986,-1.7778307372605406,-2.184812760969309,0.48800391666831744
0.0035578727722167967,0.0010337864824706555,0.001606130599975586,0.0005007117260738436,6,1,5,"{""modelo__max_depth"": 6, ""modelo__min_samples_leaf"": 1, ""modelo__min_samples_split"": 5}",-102.61387782363724,-75.23950392778917,-64.31823605590272,-55.78781681798586,-35.825836112844414,-66.75705414763188,22.093781970496746,548,-2.269611468793513,-3.2106210322153608,-3.587223472048926,-4.219756671139863,-5.372972702082584,-3.7320370692560494,1.0355746674816855
0.0030571460723876954,0.0005256786702877829,0.0014043807983398437,0.00031332684839115437,6,1,6,"{""modelo__max_depth"": 6, ""modelo__min_samples_leaf"": 1, ""modelo__min_samples_split"": 6}",-100.58913769463648,-71.0414785791659,-86.212979373099,-56.49754096574991,-37.542464205060774,-70.37672016354242,22.066894489837445,574,-2.503788669230476,-4.149389635920956,-7.122663279387743,-4.963764535067455,-6.309340971442849,-5.0097894182098965,1.6233000968320868
0.002622842788696289,0.000486298162509684,0.0012063026428222657,0.00019266620571544476,6,1,7,"{""modelo__max_depth"": 6, ""modelo__min_samples_leaf"": 1, ""modelo__min_samples_split"": 7}",-100.58330620588929,-49.38432895289544,-81.46908801778166,-56.49754096574991,-37.542464205060774,-65.0953456694754,22.835999432943282,487,-3.3438877315329747,-6.674564534629513,-9.063228387117658,-4.963764535067455,-6.309340971442849,-6.07095723195809,1.8993493084362247
0.0031785011291503907,0.000789054009897861,0.001108694076538086,5.189543904558839e-05,6,1,8,"{""modelo__max_depth"": 6, ""modelo__min_samples_leaf"": 1, ""modelo__min_samples_split"": 8}",-100.58330620588929,-64.13279461902333,-81.46908801778166,-46.07630895688091,-33.88792205112898,-65.22988397014083,23.93306428205852,488,-3.3438877315329747,-15.610882155720716,-9.063228387117658,-6.051035832534408,-7.704077699539648,-8.35462236128908,4.098599992347469
0.0036172866821289062,0.0006410172126781668,0.0017324924468994141,0.0003829223749927863,6,1,9,"{""modelo__max_depth"": 6, ""modelo__min_samples_leaf"": 1, ""modelo__min_samples_split"": 9}",-95.527436987333,-64.13279461902333,-85.4755184076047,-44.716016411536025,-34.652314811041,-64.9008162473076,23.170222733973823,476,-4.095057603088391,-15.610882155720716,-10.166733164518329,-7.236161613212291,-8.288287638027326,-9.07942443491341,3.813387161241789
0.0029361724853515627,0.0002360860883571923,0.0016236305236816406,0.0005085993501356998,6,2,2,"{""modelo__max_depth"": 6, ""modelo__min_samples_leaf"": 2, ""modelo__min_samples_split"": 2}",-98.67471303780405,-56.27282658525184,-94.7239848939467,-40.50007455944467,-39.26927478401966,-65.88817477209338,25.892228280197326,502,-2.052399103636679,-7.7076472820631965,-3.890391845730682,-4.695289588148303,-1.7615265626574845,-4.021450876447269,2.1467976992610094
0.003368377685546875,0.0007938022762220132,0.0015529632568359376,0.00035088753623784734,6,2,3,"{""modelo__max_depth"": 6, ""modelo__min_samples_leaf"": 2, ""modelo__min_samples_split"": 3}",-98.67471303780405,-56.27282658525184,-94.7239848939467,-40.50007455944467,-39.26927478401966,-65.88817477209338,25.892228280197326,502,-2.052399103636679,-7.7076472820631965,-3.890391845730682,-4.695289588148303,-1.7615265626574845,-4.021450876447269,2.1467976992610094
0.003771066665649414,0.0007133037794158979,0.0016191482543945312,0.00036659615963296544,6,2,4,"{""modelo__max_depth"": 6, ""modelo__min_samples_leaf"": 2, ""modelo__min_samples_split"": 4}",-98.67471303780405,-56.27282658525184,-94.7239848939467,-40.50007455944467,-39.26927478401966,-65.88817477209338,25.892228280197326,502,-2.052399103636679,-7.7076472820631965,-3.890391845730682,-4.695289588148303,-1.7615265626574845,-4.021450876447269,2.1467976992610094
0.003879070281982422,0.0001361433969658971,0.0015594005584716798,0.000300409778706731,6,2,5,"{""modelo__max_depth"": 6, ""modelo__min_samples_leaf"": 2, ""modelo__min_samples_split"": 5}",-102.61387782363724,-56.25746249086361,-87.52116166650636,-36.971040720109514,-35.38737187821513,-63.75018291586637,27.03020006849007,429,-2.2935617714882928,-8.090523473098287,-5.2184005498405615,-6.490875981631516,-6.234845132495555,-5.665641381710842,1.9212497740437522
0.0031351089477539063,0.0003936618852485931,0.0015087604522705078,0.0003300340612098895,6,2,6,"{""modelo__max_depth"": 6, ""modelo__min_samples_leaf"": 2, ""modelo__min_samples_split"": 6}",-100.58913769463648,-47.157270498674315,-86.45369026759622,-36.12339592591411,-37.10399997043149,-61.485498871450524,26.81602891403404,401,-2.514209019540137,-9.372549496203828,-7.213074566505906,-7.179248917028241,-7.438350064382439,-6.743486412732111,2.266803805102614
0.003116130828857422,0.00041061164520548796,0.0015653133392333984,0.00035780243110100857,6,2,7,"{""modelo__max_depth"": 6, ""modelo__min_samples_leaf"": 2, ""modelo__min_samples_split"": 7}",-100.58330620588929,-46.9289478126811,-82.78613275480426,-35.56467076691461,-37.10399997043149,-60.59341150214416,26.2930273640486,370,-3.3438877315329747,-10.85643874246124,-9.15363967423582,-7.4349928448939515,-7.438350064382439,-7.645461811501285,2.4970264453527165
0.0032997608184814455,0.000860918118125259,0.001401233673095703,0.00037602721626261835,6,2,8,"{""modelo__max_depth"": 6, ""modelo__min_samples_leaf"": 2, ""modelo__min_samples_split"": 8}",-100.58330620588929,-52.64163643062229,-82.78613275480426,-20.726390671733704,-33.44945781649969,-58.03738477590984,29.8276599493076,350,-3.3438877315329747,-15.833547549399865,-9.15363967423582,-12.306098084271158,-8.833086792479238,-9.89405196638381,4.139422259726685
0.0028934478759765625,0.00048315782414543165,0.001422882080078125,0.00026761620492698075,6,2,9,"{""modelo__max_depth"": 6, ""modelo__min_samples_leaf"": 2, ""modelo__min_samples_split"": 9}",-95.527436987333,-52.64163643062229,-86.79256314462728,-19.813115282909106,-33.44945781649969,-57.64484193239828,29.41553629989614,335,-4.095057603088391,-15.833547549399865,-10.257144451636488,-13.395201495023533,-8.833086792479238,-10.482807578325502,4.017170865875998
0.003495311737060547,0.0007051141279641208,0.0016237735748291016,0.000302597028441739,6,3,2,"{""modelo__max_depth"": 6, ""modelo__min_samples_leaf"": 3, ""modelo__min_samples_split"": 2}",-80.73350331199148,-42.85408223772989,-83.50350643748584,-28.169199767931666,-36.501166896649416,-54.35229173035766,23.161120126167752,257,-5.75662183131939,-13.065273851267985,-7.313753507242285,-12.336157522336874,-10.131209085704853,-9.720603159574278,2.8178934368318074
0.003630924224853516,0.0006326362738992049,0.001926088333129883,0.00025970578508572705,6,3,3,"{""modelo__max_depth"": 6, ""modelo__min_samples_leaf"": 3, ""modelo__min_samples_split"": 3}",-80.73350331199148,-42.85408223772989,-83.50350643748584,-28.169199767931666,-36.501166896649416,-54.35229173035766,23.161120126167752,257,-5.75662183131939,-13.065273851267985,-7.313753507242285,-12.336157522336874,-10.131209085704853,-9.720603159574278,2.8178934368318074
0.003604269027709961,0.0006870890317435027,0.0016642570495605468,0.00031401544734090397,6,3,4,"{""modelo__max_depth"": 6, ""modelo__min_samples_leaf"": 3, ""modelo__min_samples_split"": 4}",-80.73350331199148,-42.85408223772989,-83.50350643748584,-28.169199767931666,-36.501166896649416,-54.35229173035766,23.161120126167752,257,-5.75662183131939,-13.065273851267985,-7.313753507242285,-12.336157522336874,-10.131209085704853,-9.720603159574278,2.8178934368318074
0.003507852554321289,0.0007581252558072574,0.0017195701599121093,0.00038596460290239807,6,3,5,"{""modelo__max_depth"": 6, ""modelo__min_samples_leaf"": 3, ""modelo__min_samples_split"": 5}",-80.73350331199148,-42.85408223772989,-83.50350643748584,-28.169199767931666,-36.501166896649416,-54.35229173035766,23.161120126167752,257,-5.75662183131939,-13.065273851267985,-7.313753507242285,-12.336157522336874,-10.131209085704853,-9.720603159574278,2.8178934368318074
0.0036963462829589845,0.000639705715965947,0.001643228530883789,0.00033478483210793754,6,3,6,"{""modelo__max_depth"": 6, ""modelo__min_samples_leaf"": 3, ""modelo__min_samples_split"": 6}",-80.73350331199148,-42.85408223772989,-83.50350643748584,-28.169199767931666,-36.501166896649416,-54.35229173035766,23.161120126167752,257,-5.75662183131939,-13.065273851267985,-7.313753507242285,-12.336157522336874,-10.131209085704853,-9.720603159574278,2.8178934368318074
0.0034201622009277345,0.0007032275101881108,0.0015843868255615234,0.00036193107566053514,6,3,7,"{""modelo__max_depth"": 6, ""modelo__min_samples_leaf"": 3, ""modelo__min_samples_split"": 7}",-81.0709612934678,-41.49652895959092,-83.67457891158418,-25.993855208026474,-36.501166896649416,-53.747418253863756,23.916474177378717,235,-6.161020342555333,-13.764923431195047,-9.254318614972199,-12.685719413890777,-10.131209085704853,-10.399438177663642,2.6795896807704533
0.0031542301177978514,0.0008302809504945989,0.0013794422149658204,0.0003697020428306342,6,3,8,"{""modelo__max_depth"": 6, ""modelo__min_samples_leaf"": 3, ""modelo__min_samples_split"": 8}",-70.43402403413816,-50.120465891998286,-83.67457891158418,-20.78318435891169,-32.846624742717616,-51.57177558786999,23.182102240999413,201,-6.868670513483367,-17.350928747025364,-9.254318614972199,-15.59278606499,-11.525945813801652,-12.118529950854517,3.8875272180916314
0.003225088119506836,0.00043145479281882335,0.0016120433807373046,0.0003044951045116315,6,3,9,"{""modelo__max_depth"": 6, ""modelo__min_samples_leaf"": 3, ""modelo__min_samples_split"": 9}",-70.43402403413816,-49.68603059408618,-87.68100930140722,-21.893927334688374,-31.113332437664177,-52.16166474039683,24.334337619984296,219,-6.868670513483367,-17.95003477031236,-10.35782339237287,-15.724477348717315,-12.158106944989035,-12.611822593974988,3.910378369734304
0.003720664978027344,0.0003094053206335833,0.0018155574798583984,6.697720651303473e-05,6,4,2,"{""modelo__max_depth"": 6, ""modelo__min_samples_leaf"": 4, ""modelo__min_samples_split"": 2}",-75.48130012568937,-29.698576391249453,-85.69250888239355,-33.55436546491702,-24.875613409256648,-49.860472854701214,25.444040577936498,39,-12.819271551079671,-18.89769376676906,-9.505811234993768,-18.481290914701887,-16.11993937561828,-15.164801368632533,3.560099904083927
0.0034538745880126954,0.0007210172914851704,0.0019571781158447266,0.000743601473833955,6,4,3,"{""modelo__max_depth"": 6, ""modelo__min_samples_leaf"": 4, ""modelo__min_samples_split"": 3}",-75.48130012568937,-29.698576391249453,-85.69250888239355,-33.55436546491702,-24.875613409256648,-49.860472854701214,25.444040577936498,39,-12.819271551079671,-18.89769376676906,-9.505811234993768,-18.481290914701887,-16.11993937561828,-15.164801368632533,3.560099904083927
0.003469038009643555,0.0007739870196617752,0.001619720458984375,0.0005608558695325639,6,4,4,"{""modelo__max_depth"": 6, ""modelo__min_samples_leaf"": 4, ""modelo__min_samples_split"": 4}",-75.48130012568937,-29.698576391249453,-85.69250888239355,-33.55436546491702,-24.875613409256648,-49.860472854701214,25.444040577936498,39,-12.819271551079671,-18.89769376676906,-9.505811234993768,-18.481290914701887,-16.11993937561828,-15.164801368632533,3.560099904083927
0.004553556442260742,0.0010123240739956174,0.0016936302185058595,0.0003922434928921683,6,4,5,"{""modelo__max_depth"": 6, ""modelo__min_samples_leaf"": 4, ""modelo__min_samples_split"": 5}",-75.48130012568937,-29.698576391249453,-85.69250888239355,-33.55436546491702,-24.875613409256648,-49.860472854701214,25.444040577936498,39,-12.819271551079671,-18.89769376676906,-9.505811234993768,-18.481290914701887,-16.11993937561828,-15.164801368632533,3.560099904083927
0.0037056922912597655,0.0008620264519894663,0.0014294624328613282,0.00033343438292100943,6,4,6,"{""modelo__max_depth"": 6, ""modelo__min_samples_leaf"": 4, ""modelo__min_samples_split"": 6}",-75.48130012568937,-29.698576391249453,-85.69250888239355,-33.55436546491702,-24.875613409256648,-49.860472854701214,25.444040577936498,39,-12.819271551079671,-18.89769376676906,-9.505811234993768,-18.481290914701887,-16.11993937561828,-15.164801368632533,3.560099904083927
0.003954648971557617,0.0012007968908350868,0.0020227909088134767,0.0005196077118878002,6,4,7,"{""modelo__max_depth"": 6, ""modelo__min_samples_leaf"": 4, ""modelo__min_samples_split"": 7}",-75.48130012568937,-29.698576391249453,-85.69250888239355,-33.55436546491702,-24.875613409256648,-49.860472854701214,25.444040577936498,39,-12.819271551079671,-18.89769376676906,-9.505811234993768,-18.481290914701887,-16.11993937561828,-15.164801368632533,3.560099904083927
0.0036666393280029297,0.0008108363011608736,0.0017679214477539062,0.00037249536056954517,6,4,8,"{""modelo__max_depth"": 6, ""modelo__min_samples_leaf"": 4, ""modelo__min_samples_split"": 8}",-75.48130012568937,-29.698576391249453,-85.69250888239355,-33.55436546491702,-24.875613409256648,-49.860472854701214,25.444040577936498,39,-12.819271551079671,-18.89769376676906,-9.505811234993768,-18.481290914701887,-16.11993937561828,-15.164801368632533,3.560099904083927
0.003065633773803711,0.0007256280856893602,0.001481771469116211,0.00043931284543066495,6,4,9,"{""modelo__max_depth"": 6, ""modelo__min_samples_leaf"": 4, ""modelo__min_samples_split"": 9}",-78.20168674710978,-29.757962566939852,-87.58626262591379,-34.72834800999018,-23.734419450789645,-50.80173588014865,26.599595963063496,169,-14.058053918111339,-19.735482701413016,-10.656597148706805,-19.381395902061907,-16.31552733305176,-16.029411400668966,3.40017676660094
0.004343223571777344,0.0011303892399520115,0.0017722606658935546,0.0004070215506220843,7,1,2,"{""modelo__max_depth"": 7, ""modelo__min_samples_leaf"": 1, ""modelo__min_samples_split"": 2}",-106.03334705860502,-74.62080759278683,-72.98646439697212,-69.19244527401706,-37.20589915998456,-72.00779269647312,21.83859871708953,575,-0.15534990261262274,-0.29517171720901403,-0.43199011754753125,-0.5485912101016975,-0.06793822447310587,-0.2998082343887943,0.1755097875614755
0.003467702865600586,0.0007702227472636192,0.001537179946899414,0.0002957295310053271,7,1,3,"{""modelo__max_depth"": 7, ""modelo__min_samples_leaf"": 1, ""modelo__min_samples_split"": 3}",-96.18519199234869,-67.89872235775661,-70.62282924318642,-58.34956587394668,-36.64746935998995,-65.94075576544567,19.26761095886891,505,-0.874001415490784,-0.6468379750278306,-0.6552739733012589,-1.2341571378092195,-0.834913679316541,-0.849036836189127,0.21333952610294016
0.0034913539886474608,0.0004780170006264397,0.001681375503540039,0.0002600873911860723,7,1,4,"{""modelo__max_depth"": 7, ""modelo__min_samples_leaf"": 1, ""modelo__min_samples_split"": 4}",-93.98821490862858,-70.050741264927,-68.02215450530335,-51.90041820654005,-39.08869397427168,-64.61004457193413,18.532104606391037,474,-1.7724681753559204,-1.8453417572777686,-1.4019156943357656,-2.0864147266133135,-1.4097335842908987,-1.7031747875747336,0.2641025000952707
0.0030675888061523437,0.0008678302868666516,0.0012829303741455078,0.0003345174268923094,7,1,5,"{""modelo__max_depth"": 7, ""modelo__min_samples_leaf"": 1, ""modelo__min_samples_split"": 5}",-96.58465586235282,-52.97299464508335,-62.966536520333754,-55.691555341461374,-36.19375469963365,-60.881899413772985,19.889833913575682,384,-2.0419735090792894,-2.815133839348975,-3.1902613432335114,-3.5865994982698437,-5.004875549112941,-3.327768747808913,0.98129025389932
0.0036859512329101562,0.0008844502042763811,0.0018613338470458984,0.0005281568562361488,7,1,6,"{""modelo__max_depth"": 7, ""modelo__min_samples_leaf"": 1, ""modelo__min_samples_split"": 6}",-99.18835181860926,-53.70313184604627,-84.86127983753002,-56.80642249014564,-37.54553346243789,-66.42094389095382,22.368370993487247,534,-2.276150709516252,-3.7539024430545704,-6.725701150572329,-4.58264210126864,-6.19551742188292,-4.706782765258941,1.620106559933261
0.004167890548706055,0.0003111390263517222,0.0018703937530517578,0.00010339001821377693,7,1,7,"{""modelo__max_depth"": 7, ""modelo__min_samples_leaf"": 1, ""modelo__min_samples_split"": 7}",-100.58330620588929,-73.58682479075709,-81.46908801778166,-56.49754096574991,-37.54553346243789,-69.93645868852317,21.51898009311974,561,-3.3438877315329747,-6.352064050531172,-8.666266258302244,-4.963764535067455,-6.19551742188292,-5.904299999463353,1.7523741489230347
0.004106569290161133,0.0006737612934871408,0.0021582603454589843,0.00020660147355472714,7,1,8,"{""modelo__max_depth"": 7, ""modelo__min_samples_leaf"": 1, ""modelo__min_samples_split"": 8}",-100.58330620588929,-67.73964789481029,-81.46908801778166,-46.07630895688091,-33.88792205112898,-65.95125462529822,23.94348037127582,506,-3.3438877315329747,-15.288381671622377,-8.666266258302244,-6.051035832534408,-7.704077699539648,-8.21072983870633,3.972601051808017
0.003842735290527344,0.000438533957278128,0.0017652034759521485,0.00042150706692837365,7,1,9,"{""modelo__max_depth"": 7, ""modelo__min_samples_leaf"": 1, ""modelo__min_samples_split"": 9}",-95.527436987333,-67.73964789481029,-85.4755184076047,-44.716016411536025,-34.652314811041,-65.622186902465,23.191219620798414,489,-4.095057603088391,-15.288381671622377,-9.769771035702913,-7.236161613212291,-8.288287638027326,-8.93553191233066,3.6821632522656094
0.004090023040771484,0.00040857923164898077,0.0018417835235595703,0.0003321530725840255,7,2,2,"{""modelo__max_depth"": 7, ""modelo__min_samples_leaf"": 2, ""modelo__min_samples_split"": 2}",-97.27392716177685,-53.7742972113136,-93.21432191335118,-38.991109910634904,-39.27234404139675,-64.50520004769467,25.693661663588273,435,-1.8247611439224551,-7.2977953484259706,-3.5342207209657177,-4.138742412830066,-1.647703013097555,-3.6886445278483526,2.044108999020432
0.0037346363067626955,0.00048444720195812036,0.0021333694458007812,0.00011088663313725631,7,2,3,"{""modelo__max_depth"": 7, ""modelo__min_samples_leaf"": 2, ""modelo__min_samples_split"": 3}",-97.27392716177685,-53.7742972113136,-93.21432191335118,-38.991109910634904,-39.27234404139675,-64.50520004769467,25.693661663588273,435,-1.8247611439224551,-7.2977953484259706,-3.5342207209657177,-4.138742412830066,-1.647703013097555,-3.6886445278483526,2.044108999020432
0.004335594177246094,0.0002003299196815123,0.002024078369140625,0.00021228111218527502,7,2,4,"{""modelo__max_depth"": 7, ""modelo__min_samples_leaf"": 2, ""modelo__min_samples_split"": 4}",-97.27392716177685,-53.7742972113136,-93.21432191335118,-38.991109910634904,-39.27234404139675,-64.50520004769467,25.693661663588273,435,-1.8247611439224551,-7.2977953484259706,-3.5342207209657177,-4.138742412830066,-1.647703013097555,-3.6886445278483526,2.044108999020432
0.0042136192321777345,0.0003389153570935072,0.002184343338012695,0.0002315539308128692,7,2,5,"{""modelo__max_depth"": 7, ""modelo__min_samples_leaf"": 2, ""modelo__min_samples_split"": 5}",-96.58465586235282,-56.25746249086361,-86.01149868591087,-37.27992224450527,-35.390441135592226,-62.30479608384496,24.99725421416186,414,-2.065923811774069,-7.816775987441091,-4.862229425075597,-5.934328806313277,-6.121021582935624,-5.360055922707931,1.8996562396066892
0.004618072509765625,0.0008715734998760629,0.0018495559692382813,0.00013864048369873576,7,2,6,"{""modelo__max_depth"": 7, ""modelo__min_samples_leaf"": 2, ""modelo__min_samples_split"": 6}",-99.18835181860926,-47.157270498674315,-84.94402728700071,-36.43227745030991,-37.10706922780859,-60.965799256480565,26.068091994230727,386,-2.2865710598259126,-9.372549496203828,-6.85690344174094,-6.798126483229426,-7.324526514822509,-6.527735399164523,2.3193439253624266
0.004157733917236328,0.0003265036512984576,0.0020899295806884764,0.00032079296987320966,7,2,7,"{""modelo__max_depth"": 7, ""modelo__min_samples_leaf"": 2, ""modelo__min_samples_split"": 7}",-100.58330620588929,-46.9289478126811,-82.78613275480426,-35.56467076691461,-37.10706922780859,-60.59402535361958,26.29247899027424,371,-3.3438877315329747,-10.85643874246124,-8.797468549470855,-7.4349928448939515,-7.324526514822509,-7.551462876636306,2.4594369108688197
0.004474210739135742,8.167754247376741e-05,0.001965236663818359,0.00018144812402818867,7,2,8,"{""modelo__max_depth"": 7, ""modelo__min_samples_leaf"": 2, ""modelo__min_samples_split"": 8}",-100.58330620588929,-52.64163643062229,-82.78613275480426,-20.726390671733704,-33.44945781649969,-58.03738477590984,29.8276599493076,350,-3.3438877315329747,-15.833547549399865,-8.797468549470855,-12.306098084271158,-8.833086792479238,-9.822817741430818,4.154587740690171
0.004350185394287109,0.001050975707490906,0.0019344806671142579,0.000309862397488718,7,2,9,"{""modelo__max_depth"": 7, ""modelo__min_samples_leaf"": 2, ""modelo__min_samples_split"": 9}",-95.527436987333,-52.64163643062229,-86.79256314462728,-19.813115282909106,-33.44945781649969,-57.64484193239828,29.41553629989614,335,-4.095057603088391,-15.833547549399865,-10.257144451636488,-13.395201495023533,-8.833086792479238,-10.482807578325502,4.017170865875998
0.00473179817199707,0.001135996360174589,0.0023137569427490235,0.0003718343200400547,7,3,2,"{""modelo__max_depth"": 7, ""modelo__min_samples_leaf"": 3, ""modelo__min_samples_split"": 2}",-82.1675578987766,-42.85408223772989,-83.50350643748584,-28.169199767931666,-36.50423615402649,-54.639716499190094,23.492064617812556,262,-5.6584996199022655,-13.065273851267985,-6.955559875769047,-12.336157522336874,-10.017385536144925,-9.606575281084218,2.9050701947612843
0.004768657684326172,0.001644277824996116,0.0019153594970703126,0.0002988527046110561,7,3,3,"{""modelo__max_depth"": 7, ""modelo__min_samples_leaf"": 3, ""modelo__min_samples_split"": 3}",-82.1675578987766,-42.85408223772989,-83.50350643748584,-28.169199767931666,-36.50423615402649,-54.639716499190094,23.492064617812556,262,-5.6584996199022655,-13.065273851267985,-6.955559875769047,-12.336157522336874,-10.017385536144925,-9.606575281084218,2.9050701947612843
0.004177093505859375,0.0012358796513961582,0.0019317150115966796,0.00038483790924592775,7,3,4,"{""modelo__max_depth"": 7, ""modelo__min_samples_leaf"": 3, ""modelo__min_samples_split"": 4}",-82.1675578987766,-42.85408223772989,-83.50350643748584,-28.169199767931666,-36.50423615402649,-54.639716499190094,23.492064617812556,262,-5.6584996199022655,-13.065273851267985,-6.955559875769047,-12.336157522336874,-10.017385536144925,-9.606575281084218,2.9050701947612843
0.003426361083984375,0.0006338998358812766,0.0016104698181152344,0.0003161080227388494,7,3,5,"{""modelo__max_depth"": 7, ""modelo__min_samples_leaf"": 3, ""modelo__min_samples_split"": 5}",-82.1675578987766,-42.85408223772989,-83.50350643748584,-28.169199767931666,-36.50423615402649,-54.639716499190094,23.492064617812556,262,-5.6584996199022655,-13.065273851267985,-6.955559875769047,-12.336157522336874,-10.017385536144925,-9.606575281084218,2.9050701947612843
0.0045970439910888675,0.0006447659495220669,0.0019693851470947267,0.0002053927226158593,7,3,6,"{""modelo__max_depth"": 7, ""modelo__min_samples_leaf"": 3, ""modelo__min_samples_split"": 6}",-82.1675578987766,-42.85408223772989,-83.50350643748584,-28.169199767931666,-36.50423615402649,-54.639716499190094,23.492064617812556,262,-5.6584996199022655,-13.065273851267985,-6.955559875769047,-12.336157522336874,-10.017385536144925,-9.606575281084218,2.9050701947612843
0.0035133838653564455,0.0008247435699228987,0.001656818389892578,0.0004921653979477205,7,3,7,"{""modelo__max_depth"": 7, ""modelo__min_samples_leaf"": 3, ""modelo__min_samples_split"": 7}",-81.0709612934678,-41.49652895959092,-83.67457891158418,-25.993855208026474,-36.50423615402649,-53.74803210533916,23.916031554394543,236,-6.161020342555333,-13.764923431195047,-8.89612498349896,-12.685719413890777,-10.017385536144925,-10.30503474145701,2.71584658493917
0.00412139892578125,0.0009490728543003384,0.001659059524536133,0.0004367468800382789,7,3,8,"{""modelo__max_depth"": 7, ""modelo__min_samples_leaf"": 3, ""modelo__min_samples_split"": 8}",-70.43402403413816,-50.120465891998286,-83.67457891158418,-20.78318435891169,-32.846624742717616,-51.57177558786999,23.182102240999413,201,-6.868670513483367,-17.350928747025364,-9.254318614972199,-15.59278606499,-11.525945813801652,-12.118529950854517,3.8875272180916314
0.004117584228515625,0.001162306439218068,0.0018616199493408203,3.8790461030099845e-05,7,3,9,"{""modelo__max_depth"": 7, ""modelo__min_samples_leaf"": 3, ""modelo__min_samples_split"": 9}",-70.43402403413816,-49.68603059408618,-87.68100930140722,-21.893927334688374,-31.113332437664177,-52.16166474039683,24.334337619984296,219,-6.868670513483367,-17.95003477031236,-10.35782339237287,-15.724477348717315,-12.158106944989035,-12.611822593974988,3.910378369734304
0.0030050754547119142,0.0005068601890477299,0.0014414787292480469,0.00024113485834705597,7,4,2,"{""modelo__max_depth"": 7, ""modelo__min_samples_leaf"": 4, ""modelo__min_samples_split"": 2}",-75.48130012568937,-29.698576391249453,-85.69250888239355,-33.55436546491702,-24.875613409256648,-49.860472854701214,25.444040577936498,39,-12.819271551079671,-18.89769376676906,-9.505811234993768,-18.481290914701887,-16.11993937561828,-15.164801368632533,3.560099904083927
0.004074573516845703,0.0007328567666613394,0.0018175601959228515,0.00018546731907538903,7,4,3,"{""modelo__max_depth"": 7, ""modelo__min_samples_leaf"": 4, ""modelo__min_samples_split"": 3}",-75.48130012568937,-29.698576391249453,-85.69250888239355,-33.55436546491702,-24.875613409256648,-49.860472854701214,25.444040577936498,39,-12.819271551079671,-18.89769376676906,-9.505811234993768,-18.481290914701887,-16.11993937561828,-15.164801368632533,3.560099904083927
0.003844928741455078,0.0007240508294216733,0.0017233848571777343,0.0003443458532039386,7,4,4,"{""modelo__max_depth"": 7, ""modelo__min_samples_leaf"": 4, ""modelo__min_samples_split"": 4}",-75.48130012568937,-29.698576391249453,-85.69250888239355,-33.55436546491702,-24.875613409256648,-49.860472854701214,25.444040577936498,39,-12.819271551079671,-18.89769376676906,-9.505811234993768,-18.481290914701887,-16.11993937561828,-15.164801368632533,3.560099904083927
0.0034875392913818358,0.0004530028643729472,0.0015660762786865235,0.0002395745197940624,7,4,5,"{""modelo__max_depth"": 7, ""modelo__min_samples_leaf"": 4, ""modelo__min_samples_split"": 5}",-75.48130012568937,-29.698576391249453,-85.69250888239355,-33.55436546491702,-24.875613409256648,-49.860472854701214,25.444040577936498,39,-12.819271551079671,-18.89769376676906,-9.505811234993768,-18.481290914701887,-16.11993937561828,-15.164801368632533,3.560099904083927
0.003732919692993164,0.000549694103622464,0.001887941360473633,0.0005598326876902603,7,4,6,"{""modelo__max_depth"": 7, ""modelo__min_samples_leaf"": 4, ""modelo__min_samples_split"": 6}",-75.48130012568937,-29.698576391249453,-85.69250888239355,-33.55436546491702,-24.875613409256648,-49.860472854701214,25.444040577936498,39,-12.819271551079671,-18.89769376676906,-9.505811234993768,-18.481290914701887,-16.11993937561828,-15.164801368632533,3.560099904083927
0.002994728088378906,0.00046963322063133504,0.001500844955444336,0.0003582055829795429,7,4,7,"{""modelo__max_depth"": 7, ""modelo__min_samples_leaf"": 4, ""modelo__min_samples_split"": 7}",-75.48130012568937,-29.698576391249453,-85.69250888239355,-33.55436546491702,-24.875613409256648,-49.860472854701214,25.444040577936498,39,-12.819271551079671,-18.89769376676906,-9.505811234993768,-18.481290914701887,-16.11993937561828,-15.164801368632533,3.560099904083927
0.004011297225952148,0.00022996678105664873,0.0019564151763916014,0.00028664201849393196,7,4,8,"{""modelo__max_depth"": 7, ""modelo__min_samples_leaf"": 4, ""modelo__min_samples_split"": 8}",-75.48130012568937,-29.698576391249453,-85.69250888239355,-33.55436546491702,-24.875613409256648,-49.860472854701214,25.444040577936498,39,-12.819271551079671,-18.89769376676906,-9.505811234993768,-18.481290914701887,-16.11993937561828,-15.164801368632533,3.560099904083927
0.0038996219635009767,0.0007347161400772336,0.0019497871398925781,9.059479352040144e-05,7,4,9,"{""modelo__max_depth"": 7, ""modelo__min_samples_leaf"": 4, ""modelo__min_samples_split"": 9}",-78.20168674710978,-29.757962566939852,-87.58626262591379,-34.72834800999018,-23.734419450789645,-50.80173588014865,26.599595963063496,169,-14.058053918111339,-19.735482701413016,-10.656597148706805,-19.381395902061907,-16.31552733305176,-16.029411400668966,3.40017676660094
0.0033508777618408204,0.0006753328802877228,0.0015151023864746094,0.00038809012620993026,8,1,2,"{""modelo__max_depth"": 8, ""modelo__min_samples_leaf"": 1, ""modelo__min_samples_split"": 2}",-105.28814579742792,-74.36302921788021,-73.61736041922475,-69.78852931055341,-39.970196646701055,-72.60545227835746,20.713601596996543,576,-0.010460516673142552,-0.0842749925845258,-0.0681246578955271,-0.0634744064960602,-0.01593388962552386,-0.0484536926549559,0.029653847159160997
0.004498052597045899,0.0006363051685174144,0.0019097328186035156,0.0001290012408627039,8,1,3,"{""modelo__max_depth"": 8, ""modelo__min_samples_leaf"": 1, ""modelo__min_samples_split"": 3}",-102.32601645190621,-59.16984002668698,-71.5238867463234,-57.77208739706253,-39.42330891358169,-66.04302790711216,20.8362841179129,520,-0.7744798655332594,-0.4471804585949434,-0.2914459898842863,-0.8741526897480015,-0.787974249133515,-0.6350466505788012,0.22510232780655728
0.003604221343994141,0.000657722830884309,0.0017091751098632813,0.00041571297917487404,8,1,4,"{""modelo__max_depth"": 8, ""modelo__min_samples_leaf"": 1, ""modelo__min_samples_split"": 4}",-97.6252296107372,-68.40594943564629,-73.11342960167296,-53.392959871573034,-39.635769596982286,-66.43466762332237,19.542825011476925,535,-1.6731802142704435,-1.6623159557186018,-1.0954992009887734,-1.8610758970265904,-1.3761943720771244,-1.5336531280163066,0.2683280545484744
0.004122209548950195,0.00023830021781255263,0.0019098281860351562,8.000335700089353e-05,8,1,5,"{""modelo__max_depth"": 8, ""modelo__min_samples_leaf"": 1, ""modelo__min_samples_split"": 5}",-96.58465586235282,-79.50109784559423,-63.86759402347076,-55.691555341461374,-36.19375469963365,-66.36773155450257,20.573031522877123,532,-2.0419735090792894,-2.651070459484247,-2.8838448498865192,-3.5865994982698437,-5.004875549112941,-3.2336727731665684,1.0142651245757046
0.003428077697753906,0.000510770295836818,0.001971530914306641,0.0005348906108928633,8,1,6,"{""modelo__max_depth"": 8, ""modelo__min_samples_leaf"": 1, ""modelo__min_samples_split"": 6}",-99.18835181860926,-53.70313184604627,-85.76233734066703,-56.80642249014564,-37.54553346243789,-66.60115539158122,22.51933051553991,536,-2.276150709516252,-3.589839063189842,-6.419284657225337,-4.58264210126864,-6.19551742188292,-4.612686790616598,1.566886701331915
0.003452777862548828,0.0007946197737255886,0.001927947998046875,0.0005405192985976206,8,1,7,"{""modelo__max_depth"": 8, ""modelo__min_samples_leaf"": 1, ""modelo__min_samples_split"": 7}",-100.58330620588929,-73.58682479075709,-81.46908801778166,-56.49754096574991,-37.54553346243789,-69.93645868852317,21.51898009311974,561,-3.3438877315329747,-6.352064050531172,-8.666266258302244,-4.963764535067455,-6.19551742188292,-5.904299999463353,1.7523741489230347
0.0028304576873779295,0.0007132190699325508,0.001241302490234375,0.00029380353909640004,8,1,8,"{""modelo__max_depth"": 8, ""modelo__min_samples_leaf"": 1, ""modelo__min_samples_split"": 8}",-100.58330620588929,-67.73964789481029,-81.46908801778166,-46.07630895688091,-33.88792205112898,-65.95125462529822,23.94348037127582,506,-3.3438877315329747,-15.288381671622377,-8.666266258302244,-6.051035832534408,-7.704077699539648,-8.21072983870633,3.972601051808017
0.0034698486328125,0.0010522594694451323,0.0016383647918701172,0.0006630633792106712,8,1,9,"{""modelo__max_depth"": 8, ""modelo__min_samples_leaf"": 1, ""modelo__min_samples_split"": 9}",-95.527436987333,-67.73964789481029,-85.4755184076047,-44.716016411536025,-34.652314811041,-65.622186902465,23.191219620798414,489,-4.095057603088391,-15.288381671622377,-9.769771035702913,-7.236161613212291,-8.288287638027326,-8.93553191233066,3.6821632522656094
0.0034060955047607424,0.0008044708291627299,0.0015593528747558593,0.0002920369934861377,8,2,2,"{""modelo__max_depth"": 8, ""modelo__min_samples_leaf"": 2, ""modelo__min_samples_split"": 2}",-98.58525852438468,-53.7742972113136,-91.29388972586038,-39.66106243251852,-39.59129683079701,-64.58116094497484,25.42495409311372,438,-1.7578312780622998,-7.2977953484259706,-3.321509725032457,-4.051210281838294,-1.6433151203248182,-3.6143323507367677,2.0579607492649457
0.0032128810882568358,0.0007024125566724437,0.0013778209686279297,0.00035569731659674993,8,2,3,"{""modelo__max_depth"": 8, ""modelo__min_samples_leaf"": 2, ""modelo__min_samples_split"": 3}",-98.58525852438468,-53.7742972113136,-91.29388972586038,-39.66106243251852,-39.59129683079701,-64.58116094497484,25.42495409311372,438,-1.7578312780622998,-7.2977953484259706,-3.321509725032457,-4.051210281838294,-1.6433151203248182,-3.6143323507367677,2.0579607492649457
0.0034790515899658205,0.0004827738132021836,0.0017853736877441405,0.0001010434252727409,8,2,4,"{""modelo__max_depth"": 8, ""modelo__min_samples_leaf"": 2, ""modelo__min_samples_split"": 4}",-98.58525852438468,-53.7742972113136,-91.29388972586038,-39.66106243251852,-39.59129683079701,-64.58116094497484,25.42495409311372,438,-1.7578312780622998,-7.2977953484259706,-3.321509725032457,-4.051210281838294,-1.6433151203248182,-3.6143323507367677,2.0579607492649457
0.004164791107177735,0.0005233038437969288,0.0016884803771972656,0.0002625030782292389,8,2,5,"{""modelo__max_depth"": 8, ""modelo__min_samples_leaf"": 2, ""modelo__min_samples_split"": 5}",-96.58465586235282,-56.25746249086361,-84.09106649842006,-37.27992224450527,-35.390441135592226,-61.92070964634679,24.642279965920387,402,-2.065923811774069,-7.816775987441091,-4.6495184291423355,-5.934328806313277,-6.121021582935624,-5.31751372352128,1.9126657971450503
0.0027320384979248047,0.000515685244422324,0.0012305736541748046,0.0002454769824367788,8,2,6,"{""modelo__max_depth"": 8, ""modelo__min_samples_leaf"": 2, ""modelo__min_samples_split"": 6}",-99.18835181860926,-47.157270498674315,-84.94402728700071,-36.43227745030991,-37.10706922780859,-60.965799256480565,26.068091994230727,386,-2.2865710598259126,-9.372549496203828,-6.85690344174094,-6.798126483229426,-7.324526514822509,-6.527735399164523,2.3193439253624266
0.003373384475708008,0.0006008076478136543,0.0014910697937011719,0.0003113722180420849,8,2,7,"{""modelo__max_depth"": 8, ""modelo__min_samples_leaf"": 2, ""modelo__min_samples_split"": 7}",-100.58330620588929,-46.9289478126811,-82.78613275480426,-35.56467076691461,-37.10706922780859,-60.59402535361958,26.29247899027424,371,-3.3438877315329747,-10.85643874246124,-8.797468549470855,-7.4349928448939515,-7.324526514822509,-7.551462876636306,2.4594369108688197
0.003752279281616211,0.000811007512362028,0.001829242706298828,0.00041464547426471127,8,2,8,"{""modelo__max_depth"": 8, ""modelo__min_samples_leaf"": 2, ""modelo__min_samples_split"": 8}",-100.58330620588929,-52.64163643062229,-82.78613275480426,-20.726390671733704,-33.44945781649969,-58.03738477590984,29.8276599493076,350,-3.3438877315329747,-15.833547549399865,-8.797468549470855,-12.306098084271158,-8.833086792479238,-9.822817741430818,4.154587740690171
0.004037237167358399,0.0003567258776993898,0.0019498825073242187,0.0004778810899347482,8,2,9,"{""modelo__max_depth"": 8, ""modelo__min_samples_leaf"": 2, ""modelo__min_samples_split"": 9}",-95.527436987333,-52.64163643062229,-86.79256314462728,-19.813115282909106,-33.44945781649969,-57.64484193239828,29.41553629989614,335,-4.095057603088391,-15.833547549399865,-10.257144451636488,-13.395201495023533,-8.833086792479238,-10.482807578325502,4.017170865875998
0.0032442092895507814,0.0007164189004373055,0.0015985965728759766,0.0003967315818136276,8,3,2,"{""modelo__max_depth"": 8, ""modelo__min_samples_leaf"": 3, ""modelo__min_samples_split"": 2}",-82.1675578987766,-42.85408223772989,-83.50350643748584,-28.169199767931666,-36.50423615402649,-54.639716499190094,23.492064617812556,262,-5.6584996199022655,-13.065273851267985,-6.955559875769047,-12.336157522336874,-10.017385536144925,-9.606575281084218,2.9050701947612843
0.003042459487915039,0.0006846459733118869,0.0015095710754394532,0.0003516171338633127,8,3,3,"{""modelo__max_depth"": 8, ""modelo__min_samples_leaf"": 3, ""modelo__min_samples_split"": 3}",-82.1675578987766,-42.85408223772989,-83.50350643748584,-28.169199767931666,-36.50423615402649,-54.639716499190094,23.492064617812556,262,-5.6584996199022655,-13.065273851267985,-6.955559875769047,-12.336157522336874,-10.017385536144925,-9.606575281084218,2.9050701947612843
0.0037441253662109375,0.0007216234160967966,0.001577138900756836,0.00034519891571681846,8,3,4,"{""modelo__max_depth"": 8, ""modelo__min_samples_leaf"": 3, ""modelo__min_samples_split"": 4}",-82.1675578987766,-42.85408223772989,-83.50350643748584,-28.169199767931666,-36.50423615402649,-54.639716499190094,23.492064617812556,262,-5.6584996199022655,-13.065273851267985,-6.955559875769047,-12.336157522336874,-10.017385536144925,-9.606575281084218,2.9050701947612843
0.00395498275756836,0.0008847670695068607,0.001617765426635742,0.0003061935693383947,8,3,5,"{""modelo__max_depth"": 8, ""modelo__min_samples_leaf"": 3, ""modelo__min_samples_split"": 5}",-82.1675578987766,-42.85408223772989,-83.50350643748584,-28.169199767931666,-36.50423615402649,-54.639716499190094,23.492064617812556,262,-5.6584996199022655,-13.065273851267985,-6.955559875769047,-12.336157522336874,-10.017385536144925,-9.606575281084218,2.9050701947612843
0.0031213283538818358,0.0006968306011118975,0.001476621627807617,0.0003175492248729142,8,3,6,"{""modelo__max_depth"": 8, ""modelo__min_samples_leaf"": 3, ""modelo__min_samples_split"": 6}",-82.1675578987766,-42.85408223772989,-83.50350643748584,-28.169199767931666,-36.50423615402649,-54.639716499190094,23.492064617812556,262,-5.6584996199022655,-13.065273851267985,-6.955559875769047,-12.336157522336874,-10.017385536144925,-9.606575281084218,2.9050701947612843
0.0031108856201171875,0.0006618410434175135,0.0016788482666015626,0.00023228233244632624,8,3,7,"{""modelo__max_depth"": 8, ""modelo__min_samples_leaf"": 3, ""modelo__min_samples_split"": 7}",-81.0709612934678,-41.49652895959092,-83.67457891158418,-25.993855208026474,-36.50423615402649,-53.74803210533916,23.916031554394543,236,-6.161020342555333,-13.764923431195047,-8.89612498349896,-12.685719413890777,-10.017385536144925,-10.30503474145701,2.71584658493917
0.004027605056762695,0.0002720241686319512,0.0020168304443359377,0.0006667199555373534,8,3,8,"{""modelo__max_depth"": 8, ""modelo__min_samples_leaf"": 3, ""modelo__min_samples_split"": 8}",-70.43402403413816,-50.120465891998286,-83.67457891158418,-20.78318435891169,-32.846624742717616,-51.57177558786999,23.182102240999413,201,-6.868670513483367,-17.350928747025364,-9.254318614972199,-15.59278606499,-11.525945813801652,-12.118529950854517,3.8875272180916314
0.0033629417419433595,0.0011745814007054537,0.0013544559478759766,0.0003746883410822521,8,3,9,"{""modelo__max_depth"": 8, ""modelo__min_samples_leaf"": 3, ""modelo__min_samples_split"": 9}",-70.43402403413816,-49.68603059408618,-87.68100930140722,-21.893927334688374,-31.113332437664177,-52.16166474039683,24.334337619984296,219,-6.868670513483367,-17.95003477031236,-10.35782339237287,-15.724477348717315,-12.158106944989035,-12.611822593974988,3.910378369734304
0.003355598449707031,0.0007742316497557928,0.0014476299285888672,0.0002584247738966487,8,4,2,"{""modelo__max_depth"": 8, ""modelo__min_samples_leaf"": 4, ""modelo__min_samples_split"": 2}",-75.48130012568937,-29.698576391249453,-85.69250888239355,-33.55436546491702,-24.875613409256648,-49.860472854701214,25.444040577936498,39,-12.819271551079671,-18.89769376676906,-9.505811234993768,-18.481290914701887,-16.11993937561828,-15.164801368632533,3.560099904083927
0.004020404815673828,0.0003324539785737392,0.0019925117492675783,0.00023350976109390826,8,4,3,"{""modelo__max_depth"": 8, ""modelo__min_samples_leaf"": 4, ""modelo__min_samples_split"": 3}",-75.48130012568937,-29.698576391249453,-85.69250888239355,-33.55436546491702,-24.875613409256648,-49.860472854701214,25.444040577936498,39,-12.819271551079671,-18.89769376676906,-9.505811234993768,-18.481290914701887,-16.11993937561828,-15.164801368632533,3.560099904083927
0.003548431396484375,0.0006116643474228558,0.001641988754272461,0.00040741073951151656,8,4,4,"{""modelo__max_depth"": 8, ""modelo__min_samples_leaf"": 4, ""modelo__min_samples_split"": 4}",-75.48130012568937,-29.698576391249453,-85.69250888239355,-33.55436546491702,-24.875613409256648,-49.860472854701214,25.444040577936498,39,-12.819271551079671,-18.89769376676906,-9.505811234993768,-18.481290914701887,-16.11993937561828,-15.164801368632533,3.560099904083927
0.0043986797332763675,0.0005302321909772706,0.0019809722900390623,0.0003130346930314006,8,4,5,"{""modelo__max_depth"": 8, ""modelo__min_samples_leaf"": 4, ""modelo__min_samples_split"": 5}",-75.48130012568937,-29.698576391249453,-85.69250888239355,-33.55436546491702,-24.875613409256648,-49.860472854701214,25.444040577936498,39,-12.819271551079671,-18.89769376676906,-9.505811234993768,-18.481290914701887,-16.11993937561828,-15.164801368632533,3.560099904083927
0.003862476348876953,0.0013883248002106699,0.0015606403350830079,0.0003910201756471009,8,4,6,"{""modelo__max_depth"": 8, ""modelo__min_samples_leaf"": 4, ""modelo__min_samples_split"": 6}",-75.48130012568937,-29.698576391249453,-85.69250888239355,-33.55436546491702,-24.875613409256648,-49.860472854701214,25.444040577936498,39,-12.819271551079671,-18.89769376676906,-9.505811234993768,-18.481290914701887,-16.11993937561828,-15.164801368632533,3.560099904083927
0.003139781951904297,0.0005264803395871966,0.0014037609100341797,0.00026761545725509015,8,4,7,"{""modelo__max_depth"": 8, ""modelo__min_samples_leaf"": 4, ""modelo__min_samples_split"": 7}",-75.48130012568937,-29.698576391249453,-85.69250888239355,-33.55436546491702,-24.875613409256648,-49.860472854701214,25.444040577936498,39,-12.819271551079671,-18.89769376676906,-9.505811234993768,-18.481290914701887,-16.11993937561828,-15.164801368632533,3.560099904083927
0.002555513381958008,0.00019883632654194502,0.001250457763671875,0.00022531730883594838,8,4,8,"{""modelo__max_depth"": 8, ""modelo__min_samples_leaf"": 4, ""modelo__min_samples_split"": 8}",-75.48130012568937,-29.698576391249453,-85.69250888239355,-33.55436546491702,-24.875613409256648,-49.860472854701214,25.444040577936498,39,-12.819271551079671,-18.89769376676906,-9.505811234993768,-18.481290914701887,-16.11993937561828,-15.164801368632533,3.560099904083927
0.003290605545043945,0.0008120494300341292,0.0012282848358154297,0.000294013994658256,8,4,9,"{""modelo__max_depth"": 8, ""modelo__min_samples_leaf"": 4, ""modelo__min_samples_split"": 9}",-78.20168674710978,-29.757962566939852,-87.58626262591379,-34.72834800999018,-23.734419450789645,-50.80173588014865,26.599595963063496,169,-14.058053918111339,-19.735482701413016,-10.656597148706805,-19.381395902061907,-16.31552733305176,-16.029411400668966,3.40017676660094
0.002730846405029297,0.0003952245736109302,0.0013041973114013671,0.00024839812867548015,9,1,2,"{""modelo__max_depth"": 9, ""modelo__min_samples_leaf"": 1, ""modelo__min_samples_split"": 2}",-95.23379495837665,-69.42696946805226,-67.2154841704305,-65.85475982817337,-43.983563485938745,-68.34291438219431,16.279647549290956,549,-0.0015795866023629115,-0.009932712875472167,-0.021475247680427315,-0.005812942406964109,-0.0016248102037601068,-0.008085059953797321,0.007374679344609807
0.003115415573120117,0.0005829786017919511,0.0014405250549316406,0.0002915161038307651,9,1,3,"{""modelo__max_depth"": 9, ""modelo__min_samples_leaf"": 1, ""modelo__min_samples_split"": 3}",-96.27609367023221,-57.0358532248316,-71.26593339903924,-58.22447566320667,-41.40162149016703,-64.84079548949535,18.349648816463823,475,-0.765635950664042,-0.4051316814393868,-0.2469607355171755,-0.8393852645897566,-0.7777178702110227,-0.6069663004842767,0.23608979290958718
0.0033865451812744142,0.000723519138444062,0.0015781879425048827,0.00031805648254542326,9,1,4,"{""modelo__max_depth"": 9, ""modelo__min_samples_leaf"": 1, ""modelo__min_samples_split"": 4}",-97.6252296107372,-49.271897376144516,-72.09001907374811,-53.392959871573034,-39.635769596982286,-62.403175105837036,20.525093210952896,415,-1.6731802142704435,-1.6267986657322704,-1.0510139466216628,-1.8610758970265904,-1.3761943720771244,-1.5176526191456183,0.27992975064466763
0.0031857967376708986,0.0004295284804765515,0.001478433609008789,0.00020409309964139756,9,1,5,"{""modelo__max_depth"": 9, ""modelo__min_samples_leaf"": 1, ""modelo__min_samples_split"": 5}",-96.58465586235282,-79.50109784559423,-62.844183495545906,-55.691555341461374,-36.19375469963365,-66.16304944891759,20.601957963428863,521,-2.0419735090792894,-2.651070459484247,-2.839359595519408,-3.5865994982698437,-5.004875549112941,-3.2247757222931464,1.01748476482367
0.0027905941009521485,0.0005005061577811371,0.0013778209686279297,0.0002501088396658909,9,1,6,"{""modelo__max_depth"": 9, ""modelo__min_samples_leaf"": 1, ""modelo__min_samples_split"": 6}",-99.18835181860926,-53.70313184604627,-85.76233734066703,-56.80642249014564,-37.54553346243789,-66.60115539158122,22.51933051553991,536,-2.276150709516252,-3.589839063189842,-6.419284657225337,-4.58264210126864,-6.19551742188292,-4.612686790616598,1.566886701331915
0.0026174068450927736,0.000310848033170505,0.0012392997741699219,0.00013606855572135003,9,1,7,"{""modelo__max_depth"": 9, ""modelo__min_samples_leaf"": 1, ""modelo__min_samples_split"": 7}",-100.58330620588929,-73.58682479075709,-81.46908801778166,-56.49754096574991,-37.54553346243789,-69.93645868852317,21.51898009311974,561,-3.3438877315329747,-6.352064050531172,-8.666266258302244,-4.963764535067455,-6.19551742188292,-5.904299999463353,1.7523741489230347
0.002960491180419922,0.0006254050343864796,0.001256418228149414,0.00030932060755259637,9,1,8,"{""modelo__max_depth"": 9, ""modelo__min_samples_leaf"": 1, ""modelo__min_samples_split"": 8}",-100.58330620588929,-67.73964789481029,-81.46908801778166,-46.07630895688091,-33.88792205112898,-65.95125462529822,23.94348037127582,506,-3.3438877315329747,-15.288381671622377,-8.666266258302244,-6.051035832534408,-7.704077699539648,-8.21072983870633,3.972601051808017
0.0026441097259521486,0.0005011798397389015,0.0012162208557128906,0.00030443341142669057,9,1,9,"{""modelo__max_depth"": 9, ""modelo__min_samples_leaf"": 1, ""modelo__min_samples_split"": 9}",-95.527436987333,-67.73964789481029,-85.4755184076047,-44.716016411536025,-34.652314811041,-65.622186902465,23.191219620798414,489,-4.095057603088391,-15.288381671622377,-9.769771035702913,-7.236161613212291,-8.288287638027326,-8.93553191233066,3.6821632522656094
0.0024059772491455077,0.00017038190376143314,0.0010857105255126954,3.433008981741706e-05,9,2,2,"{""modelo__max_depth"": 9, ""modelo__min_samples_leaf"": 2, ""modelo__min_samples_split"": 2}",-98.58525852438468,-53.7742972113136,-91.29388972586038,-39.66106243251852,-39.59129683079701,-64.58116094497484,25.42495409311372,438,-1.7578312780622998,-7.2977953484259706,-3.321509725032457,-4.051210281838294,-1.6433151203248182,-3.6143323507367677,2.0579607492649457
0.002624225616455078,0.0003401519931873603,0.001077890396118164,3.515263452333741e-05,9,2,3,"{""modelo__max_depth"": 9, ""modelo__min_samples_leaf"": 2, ""modelo__min_samples_split"": 3}",-98.58525852438468,-53.7742972113136,-91.29388972586038,-39.66106243251852,-39.59129683079701,-64.58116094497484,25.42495409311372,438,-1.7578312780622998,-7.2977953484259706,-3.321509725032457,-4.051210281838294,-1.6433151203248182,-3.6143323507367677,2.0579607492649457
0.0037337779998779298,0.0007512390569811375,0.001695871353149414,0.00037847259438698937,9,2,4,"{""modelo__max_depth"": 9, ""modelo__min_samples_leaf"": 2, ""modelo__min_samples_split"": 4}",-98.58525852438468,-53.7742972113136,-91.29388972586038,-39.66106243251852,-39.59129683079701,-64.58116094497484,25.42495409311372,438,-1.7578312780622998,-7.2977953484259706,-3.321509725032457,-4.051210281838294,-1.6433151203248182,-3.6143323507367677,2.0579607492649457
0.0037941932678222656,0.0006115165968443038,0.001818704605102539,0.0004900431695575856,9,2,5,"{""modelo__max_depth"": 9, ""modelo__min_samples_leaf"": 2, ""modelo__min_samples_split"": 5}",-96.58465586235282,-56.25746249086361,-84.09106649842006,-37.27992224450527,-35.390441135592226,-61.92070964634679,24.642279965920387,402,-2.065923811774069,-7.816775987441091,-4.6495184291423355,-5.934328806313277,-6.121021582935624,-5.31751372352128,1.9126657971450503
0.00448150634765625,0.0007225735856110607,0.0019437313079833985,0.0004272377543401863,9,2,6,"{""modelo__max_depth"": 9, ""modelo__min_samples_leaf"": 2, ""modelo__min_samples_split"": 6}",-99.18835181860926,-47.157270498674315,-84.94402728700071,-36.43227745030991,-37.10706922780859,-60.965799256480565,26.068091994230727,386,-2.2865710598259126,-9.372549496203828,-6.85690344174094,-6.798126483229426,-7.324526514822509,-6.527735399164523,2.3193439253624266
0.004297447204589844,0.0004856777913060948,0.0019499301910400391,0.0002449972242486645,9,2,7,"{""modelo__max_depth"": 9, ""modelo__min_samples_leaf"": 2, ""modelo__min_samples_split"": 7}",-100.58330620588929,-46.9289478126811,-82.78613275480426,-35.56467076691461,-37.10706922780859,-60.59402535361958,26.29247899027424,371,-3.3438877315329747,-10.85643874246124,-8.797468549470855,-7.4349928448939515,-7.324526514822509,-7.551462876636306,2.4594369108688197
0.004416847229003906,0.0007702322823290067,0.0022870540618896485,0.0007578367509781757,9,2,8,"{""modelo__max_depth"": 9, ""modelo__min_samples_leaf"": 2, ""modelo__min_samples_split"": 8}",-100.58330620588929,-52.64163643062229,-82.78613275480426,-20.726390671733704,-33.44945781649969,-58.03738477590984,29.8276599493076,350,-3.3438877315329747,-15.833547549399865,-8.797468549470855,-12.306098084271158,-8.833086792479238,-9.822817741430818,4.154587740690171
0.004460811614990234,0.00025184889302092624,0.0021829605102539062,0.0003456992773324975,9,2,9,"{""modelo__max_depth"": 9, ""modelo__min_samples_leaf"": 2, ""modelo__min_samples_split"": 9}",-95.527436987333,-52.64163643062229,-86.79256314462728,-19.813115282909106,-33.44945781649969,-57.64484193239828,29.41553629989614,335,-4.095057603088391,-15.833547549399865,-10.257144451636488,-13.395201495023533,-8.833086792479238,-10.482807578325502,4.017170865875998
0.004673099517822266,0.0006252009917678292,0.0021575927734375,0.0007313863908707636,9,3,2,"{""modelo__max_depth"": 9, ""modelo__min_samples_leaf"": 3, ""modelo__min_samples_split"": 2}",-82.1675578987766,-42.85408223772989,-83.50350643748584,-28.169199767931666,-36.50423615402649,-54.639716499190094,23.492064617812556,262,-5.6584996199022655,-13.065273851267985,-6.955559875769047,-12.336157522336874,-10.017385536144925,-9.606575281084218,2.9050701947612843
0.004803466796875,0.0006041418667723663,0.0022307395935058593,0.00031737761854314214,9,3,3,"{""modelo__max_depth"": 9, ""modelo__min_samples_leaf"": 3, ""modelo__min_samples_split"": 3}",-82.1675578987766,-42.85408223772989,-83.50350643748584,-28.169199767931666,-36.50423615402649,-54.639716499190094,23.492064617812556,262,-5.6584996199022655,-13.065273851267985,-6.955559875769047,-12.336157522336874,-10.017385536144925,-9.606575281084218,2.9050701947612843
0.005008172988891601,0.0005325214055706665,0.002055454254150391,0.000476031251796284,9,3,4,"{""modelo__max_depth"": 9, ""modelo__min_samples_leaf"": 3, ""modelo__min_samples_split"": 4}",-82.1675578987766,-42.85408223772989,-83.50350643748584,-28.169199767931666,-36.50423615402649,-54.639716499190094,23.492064617812556,262,-5.6584996199022655,-13.065273851267985,-6.955559875769047,-12.336157522336874,-10.017385536144925,-9.606575281084218,2.9050701947612843
0.0045451164245605465,0.0008470611377581239,0.0021019935607910155,0.0001838353258857361,9,3,5,"{""modelo__max_depth"": 9, ""modelo__min_samples_leaf"": 3, ""modelo__min_samples_split"": 5}",-82.1675578987766,-42.85408223772989,-83.50350643748584,-28.169199767931666,-36.50423615402649,-54.639716499190094,23.492064617812556,262,-5.6584996199022655,-13.065273851267985,-6.955559875769047,-12.336157522336874,-10.017385536144925,-9.606575281084218,2.9050701947612843
0.00440511703491211,0.0008407013230807736,0.0017640113830566407,0.00040546457544727194,9,3,6,"{""modelo__max_depth"": 9, ""modelo__min_samples_leaf"": 3, ""modelo__min_samples_split"": 6}",-82.1675578987766,-42.85408223772989,-83.50350643748584,-28.169199767931666,-36.50423615402649,-54.639716499190094,23.492064617812556,262,-5.6584996199022655,-13.065273851267985,-6.955559875769047,-12.336157522336874,-10.017385536144925,-9.606575281084218,2.9050701947612843
0.004205751419067383,0.000942665158499661,0.001880979537963867,0.00019657386150417758,9,3,7,"{""modelo__max_depth"": 9, ""modelo__min_samples_leaf"": 3, ""modelo__min_samples_split"": 7}",-81.0709612934678,-41.49652895959092,-83.67457891158418,-25.993855208026474,-36.50423615402649,-53.74803210533916,23.916031554394543,236,-6.161020342555333,-13.764923431195047,-8.89612498349896,-12.685719413890777,-10.017385536144925,-10.30503474145701,2.71584658493917
0.004390621185302734,0.0004677929180527889,0.0019252777099609375,0.00032356384002098324,9,3,8,"{""modelo__max_depth"": 9, ""modelo__min_samples_leaf"": 3, ""modelo__min_samples_split"": 8}",-70.43402403413816,-50.120465891998286,-83.67457891158418,-20.78318435891169,-32.846624742717616,-51.57177558786999,23.182102240999413,201,-6.868670513483367,-17.350928747025364,-9.254318614972199,-15.59278606499,-11.525945813801652,-12.118529950854517,3.8875272180916314
0.0038097858428955077,0.0009996086075006656,0.0016793251037597657,0.0003457494446505108,9,3,9,"{""modelo__max_depth"": 9, ""modelo__min_samples_leaf"": 3, ""modelo__min_samples_split"": 9}",-70.43402403413816,-49.68603059408618,-87.68100930140722,-21.893927334688374,-31.113332437664177,-52.16166474039683,24.334337619984296,219,-6.868670513483367,-17.95003477031236,-10.35782339237287,-15.724477348717315,-12.158106944989035,-12.611822593974988,3.910378369734304
0.004328250885009766,0.0005359360111805053,0.0019959449768066407,0.0003506661109830886,9,4,2,"{""modelo__max_depth"": 9, ""modelo__min_samples_leaf"": 4, ""modelo__min_samples_split"": 2}",-75.48130012568937,-29.698576391249453,-85.69250888239355,-33.55436546491702,-24.875613409256648,-49.860472854701214,25.444040577936498,39,-12.819271551079671,-18.89769376676906,-9.505811234993768,-18.481290914701887,-16.11993937561828,-15.164801368632533,3.560099904083927
0.0034458160400390623,0.0010996545611746016,0.0016144275665283202,0.0008228313469690883,9,4,3,"{""modelo__max_depth"": 9, ""modelo__min_samples_leaf"": 4, ""modelo__min_samples_split"": 3}",-75.48130012568937,-29.698576391249453,-85.69250888239355,-33.55436546491702,-24.875613409256648,-49.860472854701214,25.444040577936498,39,-12.819271551079671,-18.89769376676906,-9.505811234993768,-18.481290914701887,-16.11993937561828,-15.164801368632533,3.560099904083927
0.0037430763244628907,0.000392236044000025,0.001644134521484375,0.00028916798636047426,9,4,4,"{""modelo__max_depth"": 9, ""modelo__min_samples_leaf"": 4, ""modelo__min_samples_split"": 4}",-75.48130012568937,-29.698576391249453,-85.69250888239355,-33.55436546491702,-24.875613409256648,-49.860472854701214,25.444040577936498,39,-12.819271551079671,-18.89769376676906,-9.505811234993768,-18.481290914701887,-16.11993937561828,-15.164801368632533,3.560099904083927
0.003537893295288086,0.0008133576916392043,0.0018548965454101562,0.0004314106548935678,9,4,5,"{""modelo__max_depth"": 9, ""modelo__min_samples_leaf"": 4, ""modelo__min_samples_split"": 5}",-75.48130012568937,-29.698576391249453,-85.69250888239355,-33.55436546491702,-24.875613409256648,-49.860472854701214,25.444040577936498,39,-12.819271551079671,-18.89769376676906,-9.505811234993768,-18.481290914701887,-16.11993937561828,-15.164801368632533,3.560099904083927
0.0029805183410644533,0.0004383852510471523,0.0013134002685546875,0.00033880236100111553,9,4,6,"{""modelo__max_depth"": 9, ""modelo__min_samples_leaf"": 4, ""modelo__min_samples_split"": 6}",-75.48130012568937,-29.698576391249453,-85.69250888239355,-33.55436546491702,-24.875613409256648,-49.860472854701214,25.444040577936498,39,-12.819271551079671,-18.89769376676906,-9.505811234993768,-18.481290914701887,-16.11993937561828,-15.164801368632533,3.560099904083927
0.003210306167602539,0.0006111129281205903,0.0014376640319824219,0.00036270106821721545,9,4,7,"{""modelo__max_depth"": 9, ""modelo__min_samples_leaf"": 4, ""modelo__min_samples_split"": 7}",-75.48130012568937,-29.698576391249453,-85.69250888239355,-33.55436546491702,-24.875613409256648,-49.860472854701214,25.444040577936498,39,-12.819271551079671,-18.89769376676906,-9.505811234993768,-18.481290914701887,-16.11993937561828,-15.164801368632533,3.560099904083927
0.0028962135314941407,0.0007126464552158926,0.0012594223022460937,0.00020268583636009333,9,4,8,"{""modelo__max_depth"": 9, ""modelo__min_samples_leaf"": 4, ""modelo__min_samples_split"": 8}",-75.48130012568937,-29.698576391249453,-85.69250888239355,-33.55436546491702,-24.875613409256648,-49.860472854701214,25.444040577936498,39,-12.819271551079671,-18.89769376676906,-9.505811234993768,-18.481290914701887,-16.11993937561828,-15.164801368632533,3.560099904083927
0.002981138229370117,0.0006879461473865837,0.0012657642364501953,0.00028640083790274466,9,4,9,"{""modelo__max_depth"": 9, ""modelo__min_samples_leaf"": 4, ""modelo__min_samples_split"": 9}",-78.20168674710978,-29.757962566939852,-87.58626262591379,-34.72834800999018,-23.734419450789645,-50.80173588014865,26.599595963063496,169,-14.058053918111339,-19.735482701413016,-10.656597148706805,-19.381395902061907,-16.31552733305176,-16.029411400668966,3.40017676660094
0.0028428554534912108,0.0003247740439880379,0.0012631416320800781,0.00029167942269778404,10,1,2,"{""modelo__max_depth"": 10, ""modelo__min_samples_leaf"": 1, ""modelo__min_samples_split"": 2}",-106.72009597613076,-61.37544437261766,-72.88185317344308,-65.30299217815657,-39.49546825544114,-69.15517079115784,21.81775947915846,550,-0.0,-0.0,-0.0017318846839371456,-0.0,-0.0,-0.0003463769367874291,0.0006927538735748581
0.0038959503173828123,0.0006226230123736196,0.0018986701965332032,0.0004116726762256894,10,1,3,"{""modelo__max_depth"": 10, ""modelo__min_samples_leaf"": 1, ""modelo__min_samples_split"": 3}",-96.27609367023221,-57.0358532248316,-72.35076585927192,-58.22447566320667,-41.40162149016703,-65.05776198154189,18.430572123201546,477,-0.765635950664042,-0.4051316814393868,-0.22951487047995675,-0.8393852645897566,-0.7777178702110227,-0.603477127476833,0.24145254405124986
0.0034882068634033204,0.0010897581852784416,0.0015704631805419922,0.000258004684928097,10,1,4,"{""modelo__max_depth"": 10, ""modelo__min_samples_leaf"": 1, ""modelo__min_samples_split"": 4}",-97.6252296107372,-49.271897376144516,-72.09001907374811,-53.392959871573034,-39.635769596982286,-62.403175105837036,20.525093210952896,415,-1.6731802142704435,-1.6267986657322704,-1.0510139466216628,-1.8610758970265904,-1.3761943720771244,-1.5176526191456183,0.27992975064466763
0.00353546142578125,0.0008715469526054137,0.0015015125274658204,0.0005323991697605915,10,1,5,"{""modelo__max_depth"": 10, ""modelo__min_samples_leaf"": 1, ""modelo__min_samples_split"": 5}",-96.58465586235282,-79.50109784559423,-62.844183495545906,-55.691555341461374,-36.19375469963365,-66.16304944891759,20.601957963428863,521,-2.0419735090792894,-2.651070459484247,-2.839359595519408,-3.5865994982698437,-5.004875549112941,-3.2247757222931464,1.01748476482367
0.0036737918853759766,0.0007630172928202385,0.0016620159149169922,0.00035414230584515297,10,1,6,"{""modelo__max_depth"": 10, ""modelo__min_samples_leaf"": 1, ""modelo__min_samples_split"": 6}",-99.18835181860926,-53.70313184604627,-85.76233734066703,-56.80642249014564,-37.54553346243789,-66.60115539158122,22.51933051553991,536,-2.276150709516252,-3.589839063189842,-6.419284657225337,-4.58264210126864,-6.19551742188292,-4.612686790616598,1.566886701331915
0.0030954360961914064,0.0007093012977792998,0.0013468742370605468,0.00034271379612361557,10,1,7,"{""modelo__max_depth"": 10, ""modelo__min_samples_leaf"": 1, ""modelo__min_samples_split"": 7}",-100.58330620588929,-73.58682479075709,-81.46908801778166,-56.49754096574991,-37.54553346243789,-69.93645868852317,21.51898009311974,561,-3.3438877315329747,-6.352064050531172,-8.666266258302244,-4.963764535067455,-6.19551742188292,-5.904299999463353,1.7523741489230347
0.0028900146484375,0.00048308736089818497,0.0012233734130859375,0.00011921123503051173,10,1,8,"{""modelo__max_depth"": 10, ""modelo__min_samples_leaf"": 1, ""modelo__min_samples_split"": 8}",-100.58330620588929,-67.73964789481029,-81.46908801778166,-46.07630895688091,-33.88792205112898,-65.95125462529822,23.94348037127582,506,-3.3438877315329747,-15.288381671622377,-8.666266258302244,-6.051035832534408,-7.704077699539648,-8.21072983870633,3.972601051808017
0.003043508529663086,0.0005234053757734463,0.0014155387878417968,0.0002916276727201325,10,1,9,"{""modelo__max_depth"": 10, ""modelo__min_samples_leaf"": 1, ""modelo__min_samples_split"": 9}",-95.527436987333,-67.73964789481029,-85.4755184076047,-44.716016411536025,-34.652314811041,-65.622186902465,23.191219620798414,489,-4.095057603088391,-15.288381671622377,-9.769771035702913,-7.236161613212291,-8.288287638027326,-8.93553191233066,3.6821632522656094
0.003744077682495117,0.00048473388793898405,0.0016781806945800782,0.0002809872916428403,10,2,2,"{""modelo__max_depth"": 10, ""modelo__min_samples_leaf"": 2, ""modelo__min_samples_split"": 2}",-98.58525852438468,-53.7742972113136,-91.29388972586038,-39.66106243251852,-39.59129683079701,-64.58116094497484,25.42495409311372,438,-1.7578312780622998,-7.2977953484259706,-3.321509725032457,-4.051210281838294,-1.6433151203248182,-3.6143323507367677,2.0579607492649457
0.0035154342651367186,0.00067447360125837,0.0014739036560058594,0.0004101138045513538,10,2,3,"{""modelo__max_depth"": 10, ""modelo__min_samples_leaf"": 2, ""modelo__min_samples_split"": 3}",-98.58525852438468,-53.7742972113136,-91.29388972586038,-39.66106243251852,-39.59129683079701,-64.58116094497484,25.42495409311372,438,-1.7578312780622998,-7.2977953484259706,-3.321509725032457,-4.051210281838294,-1.6433151203248182,-3.6143323507367677,2.0579607492649457
0.0036854267120361326,0.0007291073636344937,0.0017647743225097656,7.225617160857262e-05,10,2,4,"{""modelo__max_depth"": 10, ""modelo__min_samples_leaf"": 2, ""modelo__min_samples_split"": 4}",-98.58525852438468,-53.7742972113136,-91.29388972586038,-39.66106243251852,-39.59129683079701,-64.58116094497484,25.42495409311372,438,-1.7578312780622998,-7.2977953484259706,-3.321509725032457,-4.051210281838294,-1.6433151203248182,-3.6143323507367677,2.0579607492649457
0.003571605682373047,0.0005635857691777842,0.0016789913177490234,0.0003903268921285256,10,2,5,"{""modelo__max_depth"": 10, ""modelo__min_samples_leaf"": 2, ""modelo__min_samples_split"": 5}",-96.58465586235282,-56.25746249086361,-84.09106649842006,-37.27992224450527,-35.390441135592226,-61.92070964634679,24.642279965920387,402,-2.065923811774069,-7.816775987441091,-4.6495184291423355,-5.934328806313277,-6.121021582935624,-5.31751372352128,1.9126657971450503
0.003003978729248047,0.0006383233225463219,0.0016655445098876954,0.00028449346877788964,10,2,6,"{""modelo__max_depth"": 10, ""modelo__min_samples_leaf"": 2, ""modelo__min_samples_split"": 6}",-99.18835181860926,-47.157270498674315,-84.94402728700071,-36.43227745030991,-37.10706922780859,-60.965799256480565,26.068091994230727,386,-2.2865710598259126,-9.372549496203828,-6.85690344174094,-6.798126483229426,-7.324526514822509,-6.527735399164523,2.3193439253624266
0.004039764404296875,0.0010237036254370556,0.0017632007598876952,0.00026717584682923003,10,2,7,"{""modelo__max_depth"": 10, ""modelo__min_samples_leaf"": 2, ""modelo__min_samples_split"": 7}",-100.58330620588929,-46.9289478126811,-82.78613275480426,-35.56467076691461,-37.10706922780859,-60.59402535361958,26.29247899027424,371,-3.3438877315329747,-10.85643874246124,-8.797468549470855,-7.4349928448939515,-7.324526514822509,-7.551462876636306,2.4594369108688197
0.004226064682006836,0.0001943699975775751,0.0023488998413085938,0.0011330163326779806,10,2,8,"{""modelo__max_depth"": 10, ""modelo__min_samples_leaf"": 2, ""modelo__min_samples_split"": 8}",-100.58330620588929,-52.64163643062229,-82.78613275480426,-20.726390671733704,-33.44945781649969,-58.03738477590984,29.8276599493076,350,-3.3438877315329747,-15.833547549399865,-8.797468549470855,-12.306098084271158,-8.833086792479238,-9.822817741430818,4.154587740690171
0.0046478271484375,0.0005163774494574755,0.0021699905395507813,8.722361813246808e-05,10,2,9,"{""modelo__max_depth"": 10, ""modelo__min_samples_leaf"": 2, ""modelo__min_samples_split"": 9}",-95.527436987333,-52.64163643062229,-86.79256314462728,-19.813115282909106,-33.44945781649969,-57.64484193239828,29.41553629989614,335,-4.095057603088391,-15.833547549399865,-10.257144451636488,-13.395201495023533,-8.833086792479238,-10.482807578325502,4.017170865875998
0.003914308547973633,0.0002518630849176232,0.001949310302734375,0.0004417980031692944,10,3,2,"{""modelo__max_depth"": 10, ""modelo__min_samples_leaf"": 3, ""modelo__min_samples_split"": 2}",-82.1675578987766,-42.85408223772989,-83.50350643748584,-28.169199767931666,-36.50423615402649,-54.639716499190094,23.492064617812556,262,-5.6584996199022655,-13.065273851267985,-6.955559875769047,-12.336157522336874,-10.017385536144925,-9.606575281084218,2.9050701947612843
0.004021596908569336,0.0005419345117354323,0.001630115509033203,0.0002727706275121672,10,3,3,"{""modelo__max_depth"": 10, ""modelo__min_samples_leaf"": 3, ""modelo__min_samples_split"": 3}",-82.1675578987766,-42.85408223772989,-83.50350643748584,-28.169199767931666,-36.50423615402649,-54.639716499190094,23.492064617812556,262,-5.6584996199022655,-13.065273851267985,-6.955559875769047,-12.336157522336874,-10.017385536144925,-9.606575281084218,2.9050701947612843
0.004029417037963867,0.0007741099112572027,0.0016994953155517578,0.0002806157466052544,10,3,4,"{""modelo__max_depth"": 10, ""modelo__min_samples_leaf"": 3, ""modelo__min_samples_split"": 4}",-82.1675578987766,-42.85408223772989,-83.50350643748584,-28.169199767931666,-36.50423615402649,-54.639716499190094,23.492064617812556,262,-5.6584996199022655,-13.065273851267985,-6.955559875769047,-12.336157522336874,-10.017385536144925,-9.606575281084218,2.9050701947612843
0.0036097049713134767,0.0007339667751004632,0.0018644332885742188,0.0005420911861029753,10,3,5,"{""modelo__max_depth"": 10, ""modelo__min_samples_leaf"": 3, ""modelo__min_samples_split"": 5}",-82.1675578987766,-42.85408223772989,-83.50350643748584,-28.169199767931666,-36.50423615402649,-54.639716499190094,23.492064617812556,262,-5.6584996199022655,-13.065273851267985,-6.955559875769047,-12.336157522336874,-10.017385536144925,-9.606575281084218,2.9050701947612843
0.004155969619750977,0.0008433532189649921,0.0019046306610107423,0.0001780365001701876,10,3,6,"{""modelo__max_depth"": 10, ""modelo__min_samples_leaf"": 3, ""modelo__min_samples_split"": 6}",-82.1675578987766,-42.85408223772989,-83.50350643748584,-28.169199767931666,-36.50423615402649,-54.639716499190094,23.492064617812556,262,-5.6584996199022655,-13.065273851267985,-6.955559875769047,-12.336157522336874,-10.017385536144925,-9.606575281084218,2.9050701947612843
0.003997802734375,0.00037035294685879185,0.0016916275024414062,0.0002075655992122117,10,3,7,"{""modelo__max_depth"": 10, ""modelo__min_samples_leaf"": 3, ""modelo__min_samples_split"": 7}",-81.0709612934678,-41.49652895959092,-83.67457891158418,-25.993855208026474,-36.50423615402649,-53.74803210533916,23.916031554394543,236,-6.161020342555333,-13.764923431195047,-8.89612498349896,-12.685719413890777,-10.017385536144925,-10.30503474145701,2.71584658493917
0.003877115249633789,0.0005833871495446841,0.0020377635955810547,0.00043431602115071136,10,3,8,"{""modelo__max_depth"": 10, ""modelo__min_samples_leaf"": 3, ""modelo__min_samples_split"": 8}",-70.43402403413816,-50.120465891998286,-83.67457891158418,-20.78318435891169,-32.846624742717616,-51.57177558786999,23.182102240999413,201,-6.868670513483367,-17.350928747025364,-9.254318614972199,-15.59278606499,-11.525945813801652,-12.118529950854517,3.8875272180916314
0.0036315441131591795,0.0008069113486557871,0.0020514488220214843,0.0005857546256769859,10,3,9,"{""modelo__max_depth"": 10, ""modelo__min_samples_leaf"": 3, ""modelo__min_samples_split"": 9}",-70.43402403413816,-49.68603059408618,-87.68100930140722,-21.893927334688374,-31.113332437664177,-52.16166474039683,24.334337619984296,219,-6.868670513483367,-17.95003477031236,-10.35782339237287,-15.724477348717315,-12.158106944989035,-12.611822593974988,3.910378369734304
0.003287982940673828,0.0007886845860727779,0.00147247314453125,0.000299790521014803,10,4,2,"{""modelo__max_depth"": 10, ""modelo__min_samples_leaf"": 4, ""modelo__min_samples_split"": 2}",-75.48130012568937,-29.698576391249453,-85.69250888239355,-33.55436546491702,-24.875613409256648,-49.860472854701214,25.444040577936498,39,-12.819271551079671,-18.89769376676906,-9.505811234993768,-18.481290914701887,-16.11993937561828,-15.164801368632533,3.560099904083927
0.0033946514129638674,0.0009632151716918793,0.0017734050750732421,0.00060415991287297,10,4,3,"{""modelo__max_depth"": 10, ""modelo__min_samples_leaf"": 4, ""modelo__min_samples_split"": 3}",-75.48130012568937,-29.698576391249453,-85.69250888239355,-33.55436546491702,-24.875613409256648,-49.860472854701214,25.444040577936498,39,-12.819271551079671,-18.89769376676906,-9.505811234993768,-18.481290914701887,-16.11993937561828,-15.164801368632533,3.560099904083927
0.004111528396606445,0.0014297261069038877,0.001772165298461914,0.0004294004788929228,10,4,4,"{""modelo__max_depth"": 10, ""modelo__min_samples_leaf"": 4, ""modelo__min_samples_split"": 4}",-75.48130012568937,-29.698576391249453,-85.69250888239355,-33.55436546491702,-24.875613409256648,-49.860472854701214,25.444040577936498,39,-12.819271551079671,-18.89769376676906,-9.505811234993768,-18.481290914701887,-16.11993937561828,-15.164801368632533,3.560099904083927
0.003052091598510742,0.0006993031864264053,0.0013003349304199219,0.00018268259461358982,10,4,5,"{""modelo__max_depth"": 10, ""modelo__min_samples_leaf"": 4, ""modelo__min_samples_split"": 5}",-75.48130012568937,-29.698576391249453,-85.69250888239355,-33.55436546491702,-24.875613409256648,-49.860472854701214,25.444040577936498,39,-12.819271551079671,-18.89769376676906,-9.505811234993768,-18.481290914701887,-16.11993937561828,-15.164801368632533,3.560099904083927
0.00286102294921875,0.0005821016243423128,0.0014435768127441407,0.0003461571885504519,10,4,6,"{""modelo__max_depth"": 10, ""modelo__min_samples_leaf"": 4, ""modelo__min_samples_split"": 6}",-75.48130012568937,-29.698576391249453,-85.69250888239355,-33.55436546491702,-24.875613409256648,-49.860472854701214,25.444040577936498,39,-12.819271551079671,-18.89769376676906,-9.505811234993768,-18.481290914701887,-16.11993937561828,-15.164801368632533,3.560099904083927
0.002748441696166992,0.0004349240163028076,0.0012913227081298828,0.00037362780539080615,10,4,7,"{""modelo__max_depth"": 10, ""modelo__min_samples_leaf"": 4, ""modelo__min_samples_split"": 7}",-75.48130012568937,-29.698576391249453,-85.69250888239355,-33.55436546491702,-24.875613409256648,-49.860472854701214,25.444040577936498,39,-12.819271551079671,-18.89769376676906,-9.505811234993768,-18.481290914701887,-16.11993937561828,-15.164801368632533,3.560099904083927
0.0026897430419921876,0.00026776618984991233,0.00126495361328125,0.0003078104669813457,10,4,8,"{""modelo__max_depth"": 10, ""modelo__min_samples_leaf"": 4, ""modelo__min_samples_split"": 8}",-75.48130012568937,-29.698576391249453,-85.69250888239355,-33.55436546491702,-24.875613409256648,-49.860472854701214,25.444040577936498,39,-12.819271551079671,-18.89769376676906,-9.505811234993768,-18.481290914701887,-16.11993937561828,-15.164801368632533,3.560099904083927
0.0031890392303466795,0.0006155381407470989,0.0018397808074951173,0.0005572135205087317,10,4,9,"{""modelo__max_depth"": 10, ""modelo__min_samples_leaf"": 4, ""modelo__min_samples_split"": 9}",-78.20168674710978,-29.757962566939852,-87.58626262591379,-34.72834800999018,-23.734419450789645,-50.80173588014865,26.599595963063496,169,-14.058053918111339,-19.735482701413016,-10.656597148706805,-19.381395902061907,-16.31552733305176,-16.029411400668966,3.40017676660094
0.002878284454345703,0.0005272732307135523,0.0012516975402832031,0.0003121791730916775,11,1,2,"{""modelo__max_depth"": 11, ""modelo__min_samples_leaf"": 1, ""modelo__min_samples_split"": 2}",-106.72009597613076,-61.37544437261766,-73.90282392277774,-65.30299217815657,-39.49546825544114,-69.35936494102478,21.856425672454268,551,-0.0,-0.0,-0.0,-0.0,-0.0,0.0,0.0
0.0037536144256591795,0.00046131821268209004,0.0016753673553466797,0.0005392197419310127,11,1,3,"{""modelo__max_depth"": 11, ""modelo__min_samples_leaf"": 1, ""modelo__min_samples_split"": 3}",-96.27609367023221,-57.0358532248316,-72.35076585927192,-58.22447566320667,-41.40162149016703,-65.05776198154189,18.430572123201546,477,-0.765635950664042,-0.4051316814393868,-0.22951487047995675,-0.8393852645897566,-0.7777178702110227,-0.603477127476833,0.24145254405124986
0.004259777069091797,0.0007511373668071008,0.001617097854614258,0.00030968250087666803,11,1,4,"{""modelo__max_depth"": 11, ""modelo__min_samples_leaf"": 1, ""modelo__min_samples_split"": 4}",-97.6252296107372,-49.271897376144516,-72.09001907374811,-53.392959871573034,-39.635769596982286,-62.403175105837036,20.525093210952896,415,-1.6731802142704435,-1.6267986657322704,-1.0510139466216628,-1.8610758970265904,-1.3761943720771244,-1.5176526191456183,0.27992975064466763
0.003854179382324219,0.0007228472700998701,0.0026792049407958984,0.0015107168256383923,11,1,5,"{""modelo__max_depth"": 11, ""modelo__min_samples_leaf"": 1, ""modelo__min_samples_split"": 5}",-96.58465586235282,-79.50109784559423,-62.844183495545906,-55.691555341461374,-36.19375469963365,-66.16304944891759,20.601957963428863,521,-2.0419735090792894,-2.651070459484247,-2.839359595519408,-3.5865994982698437,-5.004875549112941,-3.2247757222931464,1.01748476482367
0.004639196395874024,0.000413864064294841,0.002099895477294922,0.00040959172793659707,11,1,6,"{""modelo__max_depth"": 11, ""modelo__min_samples_leaf"": 1, ""modelo__min_samples_split"": 6}",-99.18835181860926,-53.70313184604627,-85.76233734066703,-56.80642249014564,-37.54553346243789,-66.60115539158122,22.51933051553991,536,-2.276150709516252,-3.589839063189842,-6.419284657225337,-4.58264210126864,-6.19551742188292,-4.612686790616598,1.566886701331915
0.004094457626342774,0.00041744435518242394,0.0021719932556152344,0.00035225258647476556,11,1,7,"{""modelo__max_depth"": 11, ""modelo__min_samples_leaf"": 1, ""modelo__min_samples_split"": 7}",-100.58330620588929,-73.58682479075709,-81.46908801778166,-56.49754096574991,-37.54553346243789,-69.93645868852317,21.51898009311974,561,-3.3438877315329747,-6.352064050531172,-8.666266258302244,-4.963764535067455,-6.19551742188292,-5.904299999463353,1.7523741489230347
0.004631471633911133,0.0011744396152733423,0.001969146728515625,0.00042282184660466277,11,1,8,"{""modelo__max_depth"": 11, ""modelo__min_samples_leaf"": 1, ""modelo__min_samples_split"": 8}",-100.58330620588929,-67.73964789481029,-81.46908801778166,-46.07630895688091,-33.88792205112898,-65.95125462529822,23.94348037127582,506,-3.3438877315329747,-15.288381671622377,-8.666266258302244,-6.051035832534408,-7.704077699539648,-8.21072983870633,3.972601051808017
0.0027042388916015624,0.0002031542650082164,0.0013077735900878906,0.00035596018099200746,11,1,9,"{""modelo__max_depth"": 11, ""modelo__min_samples_leaf"": 1, ""modelo__min_samples_split"": 9}",-95.527436987333,-67.73964789481029,-85.4755184076047,-44.716016411536025,-34.652314811041,-65.622186902465,23.191219620798414,489,-4.095057603088391,-15.288381671622377,-9.769771035702913,-7.236161613212291,-8.288287638027326,-8.93553191233066,3.6821632522656094
0.003825092315673828,0.0004920978555346608,0.0018982887268066406,0.00019920964470763997,11,2,2,"{""modelo__max_depth"": 11, ""modelo__min_samples_leaf"": 2, ""modelo__min_samples_split"": 2}",-98.58525852438468,-53.7742972113136,-91.29388972586038,-39.66106243251852,-39.59129683079701,-64.58116094497484,25.42495409311372,438,-1.7578312780622998,-7.2977953484259706,-3.321509725032457,-4.051210281838294,-1.6433151203248182,-3.6143323507367677,2.0579607492649457
0.0042172431945800785,0.0002636276327760754,0.0022765159606933593,0.00041512213363857246,11,2,3,"{""modelo__max_depth"": 11, ""modelo__min_samples_leaf"": 2, ""modelo__min_samples_split"": 3}",-98.58525852438468,-53.7742972113136,-91.29388972586038,-39.66106243251852,-39.59129683079701,-64.58116094497484,25.42495409311372,438,-1.7578312780622998,-7.2977953484259706,-3.321509725032457,-4.051210281838294,-1.6433151203248182,-3.6143323507367677,2.0579607492649457
0.003268861770629883,0.0005770208717190018,0.001696157455444336,0.00034079863604362815,11,2,4,"{""modelo__max_depth"": 11, ""modelo__min_samples_leaf"": 2, ""modelo__min_samples_split"": 4}",-98.58525852438468,-53.7742972113136,-91.29388972586038,-39.66106243251852,-39.59129683079701,-64.58116094497484,25.42495409311372,438,-1.7578312780622998,-7.2977953484259706,-3.321509725032457,-4.051210281838294,-1.6433151203248182,-3.6143323507367677,2.0579607492649457
0.0041710853576660155,0.0002962834272717282,0.0018088340759277344,0.0004316066560281552,11,2,5,"{""modelo__max_depth"": 11, ""modelo__min_samples_leaf"": 2, ""modelo__min_samples_split"": 5}",-96.58465586235282,-56.25746249086361,-84.09106649842006,-37.27992224450527,-35.390441135592226,-61.92070964634679,24.642279965920387,402,-2.065923811774069,-7.816775987441091,-4.6495184291423355,-5.934328806313277,-6.121021582935624,-5.31751372352128,1.9126657971450503
0.0037535667419433595,0.0008694425802624761,0.0016283035278320313,0.0004782533738575498,11,2,6,"{""modelo__max_depth"": 11, ""modelo__min_samples_leaf"": 2, ""modelo__min_samples_split"": 6}",-99.18835181860926,-47.157270498674315,-84.94402728700071,-36.43227745030991,-37.10706922780859,-60.965799256480565,26.068091994230727,386,-2.2865710598259126,-9.372549496203828,-6.85690344174094,-6.798126483229426,-7.324526514822509,-6.527735399164523,2.3193439253624266
0.0031470775604248045,0.0005373993359810532,0.0017632484436035157,0.00034060357048335053,11,2,7,"{""modelo__max_depth"": 11, ""modelo__min_samples_leaf"": 2, ""modelo__min_samples_split"": 7}",-100.58330620588929,-46.9289478126811,-82.78613275480426,-35.56467076691461,-37.10706922780859,-60.59402535361958,26.29247899027424,371,-3.3438877315329747,-10.85643874246124,-8.797468549470855,-7.4349928448939515,-7.324526514822509,-7.551462876636306,2.4594369108688197
0.0031805515289306642,0.0006783911053333033,0.0014006137847900391,0.0002578591714475864,11,2,8,"{""modelo__max_depth"": 11, ""modelo__min_samples_leaf"": 2, ""modelo__min_samples_split"": 8}",-100.58330620588929,-52.64163643062229,-82.78613275480426,-20.726390671733704,-33.44945781649969,-58.03738477590984,29.8276599493076,350,-3.3438877315329747,-15.833547549399865,-8.797468549470855,-12.306098084271158,-8.833086792479238,-9.822817741430818,4.154587740690171
0.004822206497192383,0.0015476814305999684,0.0022139549255371094,0.0002548252304636957,11,2,9,"{""modelo__max_depth"": 11, ""modelo__min_samples_leaf"": 2, ""modelo__min_samples_split"": 9}",-95.527436987333,-52.64163643062229,-86.79256314462728,-19.813115282909106,-33.44945781649969,-57.64484193239828,29.41553629989614,335,-4.095057603088391,-15.833547549399865,-10.257144451636488,-13.395201495023533,-8.833086792479238,-10.482807578325502,4.017170865875998
0.0033820629119873046,0.000656687655788774,0.0014393329620361328,0.000318571012022371,11,3,2,"{""modelo__max_depth"": 11, ""modelo__min_samples_leaf"": 3, ""modelo__min_samples_split"": 2}",-82.1675578987766,-42.85408223772989,-83.50350643748584,-28.169199767931666,-36.50423615402649,-54.639716499190094,23.492064617812556,262,-5.6584996199022655,-13.065273851267985,-6.955559875769047,-12.336157522336874,-10.017385536144925,-9.606575281084218,2.9050701947612843
0.0044383049011230465,0.0015142705669746043,0.0015977382659912109,0.0005760924382844583,11,3,3,"{""modelo__max_depth"": 11, ""modelo__min_samples_leaf"": 3, ""modelo__min_samples_split"": 3}",-82.1675578987766,-42.85408223772989,-83.50350643748584,-28.169199767931666,-36.50423615402649,-54.639716499190094,23.492064617812556,262,-5.6584996199022655,-13.065273851267985,-6.955559875769047,-12.336157522336874,-10.017385536144925,-9.606575281084218,2.9050701947612843
0.005293464660644532,0.0018090148700575927,0.0020226955413818358,0.0008672911252891601,11,3,4,"{""modelo__max_depth"": 11, ""modelo__min_samples_leaf"": 3, ""modelo__min_samples_split"": 4}",-82.1675578987766,-42.85408223772989,-83.50350643748584,-28.169199767931666,-36.50423615402649,-54.639716499190094,23.492064617812556,262,-5.6584996199022655,-13.065273851267985,-6.955559875769047,-12.336157522336874,-10.017385536144925,-9.606575281084218,2.9050701947612843
0.0032588958740234373,0.0007784079755256002,0.0025007247924804686,0.0015693807114476105,11,3,5,"{""modelo__max_depth"": 11, ""modelo__min_samples_leaf"": 3, ""modelo__min_samples_split"": 5}",-82.1675578987766,-42.85408223772989,-83.50350643748584,-28.169199767931666,-36.50423615402649,-54.639716499190094,23.492064617812556,262,-5.6584996199022655,-13.065273851267985,-6.955559875769047,-12.336157522336874,-10.017385536144925,-9.606575281084218,2.9050701947612843
0.004606056213378906,0.0005328582682104857,0.002460956573486328,0.0007955199513727427,11,3,6,"{""modelo__max_depth"": 11, ""modelo__min_samples_leaf"": 3, ""modelo__min_samples_split"": 6}",-82.1675578987766,-42.85408223772989,-83.50350643748584,-28.169199767931666,-36.50423615402649,-54.639716499190094,23.492064617812556,262,-5.6584996199022655,-13.065273851267985,-6.955559875769047,-12.336157522336874,-10.017385536144925,-9.606575281084218,2.9050701947612843
0.00469818115234375,0.0003240110279444859,0.0026920318603515627,0.0012627621970395465,11,3,7,"{""modelo__max_depth"": 11, ""modelo__min_samples_leaf"": 3, ""modelo__min_samples_split"": 7}",-81.0709612934678,-41.49652895959092,-83.67457891158418,-25.993855208026474,-36.50423615402649,-53.74803210533916,23.916031554394543,236,-6.161020342555333,-13.764923431195047,-8.89612498349896,-12.685719413890777,-10.017385536144925,-10.30503474145701,2.71584658493917
0.005224990844726563,0.001170057674821407,0.0020696163177490235,0.0004460142591086643,11,3,8,"{""modelo__max_depth"": 11, ""modelo__min_samples_leaf"": 3, ""modelo__min_samples_split"": 8}",-70.43402403413816,-50.120465891998286,-83.67457891158418,-20.78318435891169,-32.846624742717616,-51.57177558786999,23.182102240999413,201,-6.868670513483367,-17.350928747025364,-9.254318614972199,-15.59278606499,-11.525945813801652,-12.118529950854517,3.8875272180916314
0.004242801666259765,0.000792467845828079,0.002195453643798828,0.0005320943910733796,11,3,9,"{""modelo__max_depth"": 11, ""modelo__min_samples_leaf"": 3, ""modelo__min_samples_split"": 9}",-70.43402403413816,-49.68603059408618,-87.68100930140722,-21.893927334688374,-31.113332437664177,-52.16166474039683,24.334337619984296,219,-6.868670513483367,-17.95003477031236,-10.35782339237287,-15.724477348717315,-12.158106944989035,-12.611822593974988,3.910378369734304
0.003968715667724609,0.0009040864333768793,0.0017591476440429687,0.0005126293218312177,11,4,2,"{""modelo__max_depth"": 11, ""modelo__min_samples_leaf"": 4, ""modelo__min_samples_split"": 2}",-75.48130012568937,-29.698576391249453,-85.69250888239355,-33.55436546491702,-24.875613409256648,-49.860472854701214,25.444040577936498,39,-12.819271551079671,-18.89769376676906,-9.505811234993768,-18.481290914701887,-16.11993937561828,-15.164801368632533,3.560099904083927
0.0036477565765380858,0.000476864394363759,0.001574230194091797,0.00028135127482812765,11,4,3,"{""modelo__max_depth"": 11, ""modelo__min_samples_leaf"": 4, ""modelo__min_samples_split"": 3}",-75.48130012568937,-29.698576391249453,-85.69250888239355,-33.55436546491702,-24.875613409256648,-49.860472854701214,25.444040577936498,39,-12.819271551079671,-18.89769376676906,-9.505811234993768,-18.481290914701887,-16.11993937561828,-15.164801368632533,3.560099904083927
0.0036579132080078124,0.0006805535889340975,0.0016723155975341796,0.00029785843680267917,11,4,4,"{""modelo__max_depth"": 11, ""modelo__min_samples_leaf"": 4, ""modelo__min_samples_split"": 4}",-75.48130012568937,-29.698576391249453,-85.69250888239355,-33.55436546491702,-24.875613409256648,-49.860472854701214,25.444040577936498,39,-12.819271551079671,-18.89769376676906,-9.505811234993768,-18.481290914701887,-16.11993937561828,-15.164801368632533,3.560099904083927
0.003918313980102539,0.0008587998272721633,0.0016190052032470704,0.0006019505786032531,11,4,5,"{""modelo__max_depth"": 11, ""modelo__min_samples_leaf"": 4, ""modelo__min_samples_split"": 5}",-75.48130012568937,-29.698576391249453,-85.69250888239355,-33.55436546491702,-24.875613409256648,-49.860472854701214,25.444040577936498,39,-12.819271551079671,-18.89769376676906,-9.505811234993768,-18.481290914701887,-16.11993937561828,-15.164801368632533,3.560099904083927
0.0031084537506103514,0.0007876676335532925,0.0017626285552978516,0.00029817310379117313,11,4,6,"{""modelo__max_depth"": 11, ""modelo__min_samples_leaf"": 4, ""modelo__min_samples_split"": 6}",-75.48130012568937,-29.698576391249453,-85.69250888239355,-33.55436546491702,-24.875613409256648,-49.860472854701214,25.444040577936498,39,-12.819271551079671,-18.89769376676906,-9.505811234993768,-18.481290914701887,-16.11993937561828,-15.164801368632533,3.560099904083927
0.0035140514373779297,0.0008589524384551585,0.001609659194946289,0.0004028156114161462,11,4,7,"{""modelo__max_depth"": 11, ""modelo__min_samples_leaf"": 4, ""modelo__min_samples_split"": 7}",-75.48130012568937,-29.698576391249453,-85.69250888239355,-33.55436546491702,-24.875613409256648,-49.860472854701214,25.444040577936498,39,-12.819271551079671,-18.89769376676906,-9.505811234993768,-18.481290914701887,-16.11993937561828,-15.164801368632533,3.560099904083927
0.003802585601806641,0.0009027239911936093,0.0014084339141845702,0.00045101741860333885,11,4,8,"{""modelo__max_depth"": 11, ""modelo__min_samples_leaf"": 4, ""modelo__min_samples_split"": 8}",-75.48130012568937,-29.698576391249453,-85.69250888239355,-33.55436546491702,-24.875613409256648,-49.860472854701214,25.444040577936498,39,-12.819271551079671,-18.89769376676906,-9.505811234993768,-18.481290914701887,-16.11993937561828,-15.164801368632533,3.560099904083927
0.0035196781158447266,0.0006757310935487174,0.0016232013702392578,0.0002919149180321168,11,4,9,"{""modelo__max_depth"": 11, ""modelo__min_samples_leaf"": 4, ""modelo__min_samples_split"": 9}",-78.20168674710978,-29.757962566939852,-87.58626262591379,-34.72834800999018,-23.734419450789645,-50.80173588014865,26.599595963063496,169,-14.058053918111339,-19.735482701413016,-10.656597148706805,-19.381395902061907,-16.31552733305176,-16.029411400668966,3.40017676660094
0.0035603523254394533,0.0007699532930135597,0.0014740467071533204,0.0004040919522379576,12,1,2,"{""modelo__max_depth"": 12, ""modelo__min_samples_leaf"": 1, ""modelo__min_samples_split"": 2}",-106.72009597613076,-61.37544437261766,-73.90282392277774,-65.30299217815657,-39.49546825544114,-69.35936494102478,21.856425672454268,551,-0.0,-0.0,-0.0,-0.0,-0.0,0.0,0.0
0.0035069942474365234,0.0006945804006342398,0.0018172264099121094,0.0006686750393465129,12,1,3,"{""modelo__max_depth"": 12, ""modelo__min_samples_leaf"": 1, ""modelo__min_samples_split"": 3}",-96.27609367023221,-57.0358532248316,-72.35076585927192,-58.22447566320667,-41.40162149016703,-65.05776198154189,18.430572123201546,477,-0.765635950664042,-0.4051316814393868,-0.22951487047995675,-0.8393852645897566,-0.7777178702110227,-0.603477127476833,0.24145254405124986
0.0034752845764160155,0.00033595124006242114,0.0020318031311035156,0.000547514944269511,12,1,4,"{""modelo__max_depth"": 12, ""modelo__min_samples_leaf"": 1, ""modelo__min_samples_split"": 4}",-97.6252296107372,-49.271897376144516,-72.09001907374811,-53.392959871573034,-39.635769596982286,-62.403175105837036,20.525093210952896,415,-1.6731802142704435,-1.6267986657322704,-1.0510139466216628,-1.8610758970265904,-1.3761943720771244,-1.5176526191456183,0.27992975064466763
0.003935384750366211,0.000790214049421781,0.0014221668243408203,0.00029033999421658723,12,1,5,"{""modelo__max_depth"": 12, ""modelo__min_samples_leaf"": 1, ""modelo__min_samples_split"": 5}",-96.58465586235282,-79.50109784559423,-62.844183495545906,-55.691555341461374,-36.19375469963365,-66.16304944891759,20.601957963428863,521,-2.0419735090792894,-2.651070459484247,-2.839359595519408,-3.5865994982698437,-5.004875549112941,-3.2247757222931464,1.01748476482367
0.004288196563720703,0.00012062820936761802,0.002094554901123047,0.0003046839222316836,12,1,6,"{""modelo__max_depth"": 12, ""modelo__min_samples_leaf"": 1, ""modelo__min_samples_split"": 6}",-99.18835181860926,-53.70313184604627,-85.76233734066703,-56.80642249014564,-37.54553346243789,-66.60115539158122,22.51933051553991,536,-2.276150709516252,-3.589839063189842,-6.419284657225337,-4.58264210126864,-6.19551742188292,-4.612686790616598,1.566886701331915
0.004098272323608399,0.0006734139853014723,0.002023172378540039,0.0003891318263071756,12,1,7,"{""modelo__max_depth"": 12, ""modelo__min_samples_leaf"": 1, ""modelo__min_samples_split"": 7}",-100.58330620588929,-73.58682479075709,-81.46908801778166,-56.49754096574991,-37.54553346243789,-69.93645868852317,21.51898009311974,561,-3.3438877315329747,-6.352064050531172,-8.666266258302244,-4.963764535067455,-6.19551742188292,-5.904299999463353,1.7523741489230347
0.003688955307006836,0.0006426758361929632,0.0020417690277099608,0.0002404933962810819,12,1,8,"{""modelo__max_depth"": 12, ""modelo__min_samples_leaf"": 1, ""modelo__min_samples_split"": 8}",-100.58330620588929,-67.73964789481029,-81.46908801778166,-46.07630895688091,-33.88792205112898,-65.95125462529822,23.94348037127582,506,-3.3438877315329747,-15.288381671622377,-8.666266258302244,-6.051035832534408,-7.704077699539648,-8.21072983870633,3.972601051808017
0.0038097858428955077,0.0006432859442198383,0.0014706134796142578,0.0004651078880618447,12,1,9,"{""modelo__max_depth"": 12, ""modelo__min_samples_leaf"": 1, ""modelo__min_samples_split"": 9}",-95.527436987333,-67.73964789481029,-85.4755184076047,-44.716016411536025,-34.652314811041,-65.622186902465,23.191219620798414,489,-4.095057603088391,-15.288381671622377,-9.769771035702913,-7.236161613212291,-8.288287638027326,-8.93553191233066,3.6821632522656094
0.0036651611328125,0.0008718758276229182,0.0016764163970947265,0.0004566835933358514,12,2,2,"{""modelo__max_depth"": 12, ""modelo__min_samples_leaf"": 2, ""modelo__min_samples_split"": 2}",-98.58525852438468,-53.7742972113136,-91.29388972586038,-39.66106243251852,-39.59129683079701,-64.58116094497484,25.42495409311372,438,-1.7578312780622998,-7.2977953484259706,-3.321509725032457,-4.051210281838294,-1.6433151203248182,-3.6143323507367677,2.0579607492649457
0.0040034294128417965,0.0007027795766022466,0.002030467987060547,0.00041434856983527774,12,2,3,"{""modelo__max_depth"": 12, ""modelo__min_samples_leaf"": 2, ""modelo__min_samples_split"": 3}",-98.58525852438468,-53.7742972113136,-91.29388972586038,-39.66106243251852,-39.59129683079701,-64.58116094497484,25.42495409311372,438,-1.7578312780622998,-7.2977953484259706,-3.321509725032457,-4.051210281838294,-1.6433151203248182,-3.6143323507367677,2.0579607492649457
0.003647327423095703,0.0004986771116470792,0.0014504432678222657,0.00041938785251452817,12,2,4,"{""modelo__max_depth"": 12, ""modelo__min_samples_leaf"": 2, ""modelo__min_samples_split"": 4}",-98.58525852438468,-53.7742972113136,-91.29388972586038,-39.66106243251852,-39.59129683079701,-64.58116094497484,25.42495409311372,438,-1.7578312780622998,-7.2977953484259706,-3.321509725032457,-4.051210281838294,-1.6433151203248182,-3.6143323507367677,2.0579607492649457
0.003752899169921875,0.0006345423727931301,0.001744985580444336,0.0002855883193668611,12,2,5,"{""modelo__max_depth"": 12, ""modelo__min_samples_leaf"": 2, ""modelo__min_samples_split"": 5}",-96.58465586235282,-56.25746249086361,-84.09106649842006,-37.27992224450527,-35.390441135592226,-61.92070964634679,24.642279965920387,402,-2.065923811774069,-7.816775987441091,-4.6495184291423355,-5.934328806313277,-6.121021582935624,-5.31751372352128,1.9126657971450503
0.0032445907592773436,0.00063821573614189,0.0014435768127441407,0.0003767562898585753,12,2,6,"{""modelo__max_depth"": 12, ""modelo__min_samples_leaf"": 2, ""modelo__min_samples_split"": 6}",-99.18835181860926,-47.157270498674315,-84.94402728700071,-36.43227745030991,-37.10706922780859,-60.965799256480565,26.068091994230727,386,-2.2865710598259126,-9.372549496203828,-6.85690344174094,-6.798126483229426,-7.324526514822509,-6.527735399164523,2.3193439253624266
0.0030599117279052736,0.0006720781389727885,0.0019181728363037109,0.0009444736306484857,12,2,7,"{""modelo__max_depth"": 12, ""modelo__min_samples_leaf"": 2, ""modelo__min_samples_split"": 7}",-100.58330620588929,-46.9289478126811,-82.78613275480426,-35.56467076691461,-37.10706922780859,-60.59402535361958,26.29247899027424,371,-3.3438877315329747,-10.85643874246124,-8.797468549470855,-7.4349928448939515,-7.324526514822509,-7.551462876636306,2.4594369108688197
0.004463672637939453,0.0003880851051983862,0.0018939971923828125,0.0006203986231443406,12,2,8,"{""modelo__max_depth"": 12, ""modelo__min_samples_leaf"": 2, ""modelo__min_samples_split"": 8}",-100.58330620588929,-52.64163643062229,-82.78613275480426,-20.726390671733704,-33.44945781649969,-58.03738477590984,29.8276599493076,350,-3.3438877315329747,-15.833547549399865,-8.797468549470855,-12.306098084271158,-8.833086792479238,-9.822817741430818,4.154587740690171
0.003521728515625,0.00029593923155919456,0.001567697525024414,0.00022997587713754838,12,2,9,"{""modelo__max_depth"": 12, ""modelo__min_samples_leaf"": 2, ""modelo__min_samples_split"": 9}",-95.527436987333,-52.64163643062229,-86.79256314462728,-19.813115282909106,-33.44945781649969,-57.64484193239828,29.41553629989614,335,-4.095057603088391,-15.833547549399865,-10.257144451636488,-13.395201495023533,-8.833086792479238,-10.482807578325502,4.017170865875998
0.0030855655670166014,0.0008423828017865729,0.0013854026794433594,0.0003216793230691422,12,3,2,"{""modelo__max_depth"": 12, ""modelo__min_samples_leaf"": 3, ""modelo__min_samples_split"": 2}",-82.1675578987766,-42.85408223772989,-83.50350643748584,-28.169199767931666,-36.50423615402649,-54.639716499190094,23.492064617812556,262,-5.6584996199022655,-13.065273851267985,-6.955559875769047,-12.336157522336874,-10.017385536144925,-9.606575281084218,2.9050701947612843
0.0035064220428466797,0.0008179802680498686,0.001561450958251953,0.00046404976431922994,12,3,3,"{""modelo__max_depth"": 12, ""modelo__min_samples_leaf"": 3, ""modelo__min_samples_split"": 3}",-82.1675578987766,-42.85408223772989,-83.50350643748584,-28.169199767931666,-36.50423615402649,-54.639716499190094,23.492064617812556,262,-5.6584996199022655,-13.065273851267985,-6.955559875769047,-12.336157522336874,-10.017385536144925,-9.606575281084218,2.9050701947612843
0.004239368438720703,0.0008394571217445428,0.0018611907958984374,0.0004740868070791459,12,3,4,"{""modelo__max_depth"": 12, ""modelo__min_samples_leaf"": 3, ""modelo__min_samples_split"": 4}",-82.1675578987766,-42.85408223772989,-83.50350643748584,-28.169199767931666,-36.50423615402649,-54.639716499190094,23.492064617812556,262,-5.6584996199022655,-13.065273851267985,-6.955559875769047,-12.336157522336874,-10.017385536144925,-9.606575281084218,2.9050701947612843
0.00370640754699707,0.0005316583648394338,0.002055835723876953,0.000531833829761869,12,3,5,"{""modelo__max_depth"": 12, ""modelo__min_samples_leaf"": 3, ""modelo__min_samples_split"": 5}",-82.1675578987766,-42.85408223772989,-83.50350643748584,-28.169199767931666,-36.50423615402649,-54.639716499190094,23.492064617812556,262,-5.6584996199022655,-13.065273851267985,-6.955559875769047,-12.336157522336874,-10.017385536144925,-9.606575281084218,2.9050701947612843
0.005390739440917969,0.0012842274767027716,0.0022823333740234373,0.0005886275619713298,12,3,6,"{""modelo__max_depth"": 12, ""modelo__min_samples_leaf"": 3, ""modelo__min_samples_split"": 6}",-82.1675578987766,-42.85408223772989,-83.50350643748584,-28.169199767931666,-36.50423615402649,-54.639716499190094,23.492064617812556,262,-5.6584996199022655,-13.065273851267985,-6.955559875769047,-12.336157522336874,-10.017385536144925,-9.606575281084218,2.9050701947612843
0.004857015609741211,0.0008970623715697067,0.001652669906616211,0.00042957924276138535,12,3,7,"{""modelo__max_depth"": 12, ""modelo__min_samples_leaf"": 3, ""modelo__min_samples_split"": 7}",-81.0709612934678,-41.49652895959092,-83.67457891158418,-25.993855208026474,-36.50423615402649,-53.74803210533916,23.916031554394543,236,-6.161020342555333,-13.764923431195047,-8.89612498349896,-12.685719413890777,-10.017385536144925,-10.30503474145701,2.71584658493917
0.004771232604980469,0.0014837561954523682,0.002097320556640625,0.00023225481484497198,12,3,8,"{""modelo__max_depth"": 12, ""modelo__min_samples_leaf"": 3, ""modelo__min_samples_split"": 8}",-70.43402403413816,-50.120465891998286,-83.67457891158418,-20.78318435891169,-32.846624742717616,-51.57177558786999,23.182102240999413,201,-6.868670513483367,-17.350928747025364,-9.254318614972199,-15.59278606499,-11.525945813801652,-12.118529950854517,3.8875272180916314
0.004548263549804687,0.0008170031827173122,0.002580690383911133,0.0007554289635110909,12,3,9,"{""modelo__max_depth"": 12, ""modelo__min_samples_leaf"": 3, ""modelo__min_samples_split"": 9}",-70.43402403413816,-49.68603059408618,-87.68100930140722,-21.893927334688374,-31.113332437664177,-52.16166474039683,24.334337619984296,219,-6.868670513483367,-17.95003477031236,-10.35782339237287,-15.724477348717315,-12.158106944989035,-12.611822593974988,3.910378369734304
0.005008983612060547,0.0010639925501700262,0.002367448806762695,0.0003675644852148797,12,4,2,"{""modelo__max_depth"": 12, ""modelo__min_samples_leaf"": 4, ""modelo__min_samples_split"": 2}",-75.48130012568937,-29.698576391249453,-85.69250888239355,-33.55436546491702,-24.875613409256648,-49.860472854701214,25.444040577936498,39,-12.819271551079671,-18.89769376676906,-9.505811234993768,-18.481290914701887,-16.11993937561828,-15.164801368632533,3.560099904083927
0.004720497131347656,0.00024308667265884634,0.0021624088287353514,0.00040195235379972705,12,4,3,"{""modelo__max_depth"": 12, ""modelo__min_samples_leaf"": 4, ""modelo__min_samples_split"": 3}",-75.48130012568937,-29.698576391249453,-85.69250888239355,-33.55436546491702,-24.875613409256648,-49.860472854701214,25.444040577936498,39,-12.819271551079671,-18.89769376676906,-9.505811234993768,-18.481290914701887,-16.11993937561828,-15.164801368632533,3.560099904083927
0.004641246795654297,0.0007723240849763749,0.002620363235473633,0.0011923896477412912,12,4,4,"{""modelo__max_depth"": 12, ""modelo__min_samples_leaf"": 4, ""modelo__min_samples_split"": 4}",-75.48130012568937,-29.698576391249453,-85.69250888239355,-33.55436546491702,-24.875613409256648,-49.860472854701214,25.444040577936498,39,-12.819271551079671,-18.89769376676906,-9.505811234993768,-18.481290914701887,-16.11993937561828,-15.164801368632533,3.560099904083927
0.005706214904785156,0.001515117693689453,0.0022051334381103516,0.00040221227013857854,12,4,5,"{""modelo__max_depth"": 12, ""modelo__min_samples_leaf"": 4, ""modelo__min_samples_split"": 5}",-75.48130012568937,-29.698576391249453,-85.69250888239355,-33.55436546491702,-24.875613409256648,-49.860472854701214,25.444040577936498,39,-12.819271551079671,-18.89769376676906,-9.505811234993768,-18.481290914701887,-16.11993937561828,-15.164801368632533,3.560099904083927
0.005264997482299805,0.0014159091804632758,0.0021082878112792967,0.0001407238796620726,12,4,6,"{""modelo__max_depth"": 12, ""modelo__min_samples_leaf"": 4, ""modelo__min_samples_split"": 6}",-75.48130012568937,-29.698576391249453,-85.69250888239355,-33.55436546491702,-24.875613409256648,-49.860472854701214,25.444040577936498,39,-12.819271551079671,-18.89769376676906,-9.505811234993768,-18.481290914701887,-16.11993937561828,-15.164801368632533,3.560099904083927
0.004909372329711914,0.0005121349754237126,0.0019133567810058593,0.00041276709505435287,12,4,7,"{""modelo__max_depth"": 12, ""modelo__min_samples_leaf"": 4, ""modelo__min_samples_split"": 7}",-75.48130012568937,-29.698576391249453,-85.69250888239355,-33.55436546491702,-24.875613409256648,-49.860472854701214,25.444040577936498,39,-12.819271551079671,-18.89769376676906,-9.505811234993768,-18.481290914701887,-16.11993937561828,-15.164801368632533,3.560099904083927
0.004866695404052735,0.000820763590340187,0.0026569366455078125,0.0005987928251919978,12,4,8,"{""modelo__max_depth"": 12, ""modelo__min_samples_leaf"": 4, ""modelo__min_samples_split"": 8}",-75.48130012568937,-29.698576391249453,-85.69250888239355,-33.55436546491702,-24.875613409256648,-49.860472854701214,25.444040577936498,39,-12.819271551079671,-18.89769376676906,-9.505811234993768,-18.481290914701887,-16.11993937561828,-15.164801368632533,3.560099904083927
0.005048227310180664,0.0007787379066037091,0.0021729469299316406,0.0005200195064147307,12,4,9,"{""modelo__max_depth"": 12, ""modelo__min_samples_leaf"": 4, ""modelo__min_samples_split"": 9}",-78.20168674710978,-29.757962566939852,-87.58626262591379,-34.72834800999018,-23.734419450789645,-50.80173588014865,26.599595963063496,169,-14.058053918111339,-19.735482701413016,-10.656597148706805,-19.381395902061907,-16.31552733305176,-16.029411400668966,3.40017676660094
0.0044591426849365234,0.00047868428098433796,0.002145671844482422,0.00021239274470176054,13,1,2,"{""modelo__max_depth"": 13, ""modelo__min_samples_leaf"": 1, ""modelo__min_samples_split"": 2}",-106.72009597613076,-61.37544437261766,-73.90282392277774,-65.30299217815657,-39.49546825544114,-69.35936494102478,21.856425672454268,551,-0.0,-0.0,-0.0,-0.0,-0.0,0.0,0.0
0.004148006439208984,0.0006819213506062064,0.0021409511566162108,0.0004094056307282109,13,1,3,"{""modelo__max_depth"": 13, ""modelo__min_samples_leaf"": 1, ""modelo__min_samples_split"": 3}",-96.27609367023221,-57.0358532248316,-72.35076585927192,-58.22447566320667,-41.40162149016703,-65.05776198154189,18.430572123201546,477,-0.765635950664042,-0.4051316814393868,-0.22951487047995675,-0.8393852645897566,-0.7777178702110227,-0.603477127476833,0.24145254405124986
0.004753684997558594,0.002278161070721678,0.0016095638275146484,0.00045918390870606927,13,1,4,"{""modelo__max_depth"": 13, ""modelo__min_samples_leaf"": 1, ""modelo__min_samples_split"": 4}",-97.6252296107372,-49.271897376144516,-72.09001907374811,-53.392959871573034,-39.635769596982286,-62.403175105837036,20.525093210952896,415,-1.6731802142704435,-1.6267986657322704,-1.0510139466216628,-1.8610758970265904,-1.3761943720771244,-1.5176526191456183,0.27992975064466763
0.0050696849822998045,0.0014627539111810462,0.0017733573913574219,0.00029140322038542424,13,1,5,"{""modelo__max_depth"": 13, ""modelo__min_samples_leaf"": 1, ""modelo__min_samples_split"": 5}",-96.58465586235282,-79.50109784559423,-62.844183495545906,-55.691555341461374,-36.19375469963365,-66.16304944891759,20.601957963428863,521,-2.0419735090792894,-2.651070459484247,-2.839359595519408,-3.5865994982698437,-5.004875549112941,-3.2247757222931464,1.01748476482367
0.00403900146484375,0.0017469262422811279,0.0018547534942626952,0.00039987956426557617,13,1,6,"{""modelo__max_depth"": 13, ""modelo__min_samples_leaf"": 1, ""modelo__min_samples_split"": 6}",-99.18835181860926,-53.70313184604627,-85.76233734066703,-56.80642249014564,-37.54553346243789,-66.60115539158122,22.51933051553991,536,-2.276150709516252,-3.589839063189842,-6.419284657225337,-4.58264210126864,-6.19551742188292,-4.612686790616598,1.566886701331915
0.0034125328063964845,0.0005871776212474709,0.0014581680297851562,0.00033234872633218764,13,1,7,"{""modelo__max_depth"": 13, ""modelo__min_samples_leaf"": 1, ""modelo__min_samples_split"": 7}",-100.58330620588929,-73.58682479075709,-81.46908801778166,-56.49754096574991,-37.54553346243789,-69.93645868852317,21.51898009311974,561,-3.3438877315329747,-6.352064050531172,-8.666266258302244,-4.963764535067455,-6.19551742188292,-5.904299999463353,1.7523741489230347
0.004228782653808594,0.0009548008035417262,0.0023757457733154298,0.0013697569511090305,13,1,8,"{""modelo__max_depth"": 13, ""modelo__min_samples_leaf"": 1, ""modelo__min_samples_split"": 8}",-100.58330620588929,-67.73964789481029,-81.46908801778166,-46.07630895688091,-33.88792205112898,-65.95125462529822,23.94348037127582,506,-3.3438877315329747,-15.288381671622377,-8.666266258302244,-6.051035832534408,-7.704077699539648,-8.21072983870633,3.972601051808017
0.004816389083862305,0.0014474004328097598,0.0026124954223632813,0.0007748304596038508,13,1,9,"{""modelo__max_depth"": 13, ""modelo__min_samples_leaf"": 1, ""modelo__min_samples_split"": 9}",-95.527436987333,-67.73964789481029,-85.4755184076047,-44.716016411536025,-34.652314811041,-65.622186902465,23.191219620798414,489,-4.095057603088391,-15.288381671622377,-9.769771035702913,-7.236161613212291,-8.288287638027326,-8.93553191233066,3.6821632522656094
0.004723978042602539,0.0024714819112449135,0.002096700668334961,0.0002796727128195194,13,2,2,"{""modelo__max_depth"": 13, ""modelo__min_samples_leaf"": 2, ""modelo__min_samples_split"": 2}",-98.58525852438468,-53.7742972113136,-91.29388972586038,-39.66106243251852,-39.59129683079701,-64.58116094497484,25.42495409311372,438,-1.7578312780622998,-7.2977953484259706,-3.321509725032457,-4.051210281838294,-1.6433151203248182,-3.6143323507367677,2.0579607492649457
0.0037638187408447266,0.0013762209568359484,0.0017991065979003906,0.0007167501731988237,13,2,3,"{""modelo__max_depth"": 13, ""modelo__min_samples_leaf"": 2, ""modelo__min_samples_split"": 3}",-98.58525852438468,-53.7742972113136,-91.29388972586038,-39.66106243251852,-39.59129683079701,-64.58116094497484,25.42495409311372,438,-1.7578312780622998,-7.2977953484259706,-3.321509725032457,-4.051210281838294,-1.6433151203248182,-3.6143323507367677,2.0579607492649457
0.004151105880737305,0.0005456211552860077,0.001329517364501953,0.0003321296466331507,13,2,4,"{""modelo__max_depth"": 13, ""modelo__min_samples_leaf"": 2, ""modelo__min_samples_split"": 4}",-98.58525852438468,-53.7742972113136,-91.29388972586038,-39.66106243251852,-39.59129683079701,-64.58116094497484,25.42495409311372,438,-1.7578312780622998,-7.2977953484259706,-3.321509725032457,-4.051210281838294,-1.6433151203248182,-3.6143323507367677,2.0579607492649457
0.00466156005859375,0.0012116073102407773,0.0019917011260986326,0.0006021566091562841,13,2,5,"{""modelo__max_depth"": 13, ""modelo__min_samples_leaf"": 2, ""modelo__min_samples_split"": 5}",-96.58465586235282,-56.25746249086361,-84.09106649842006,-37.27992224450527,-35.390441135592226,-61.92070964634679,24.642279965920387,402,-2.065923811774069,-7.816775987441091,-4.6495184291423355,-5.934328806313277,-6.121021582935624,-5.31751372352128,1.9126657971450503
0.003620338439941406,0.0009098228716802435,0.0016234397888183593,0.00034877991135887694,13,2,6,"{""modelo__max_depth"": 13, ""modelo__min_samples_leaf"": 2, ""modelo__min_samples_split"": 6}",-99.18835181860926,-47.157270498674315,-84.94402728700071,-36.43227745030991,-37.10706922780859,-60.965799256480565,26.068091994230727,386,-2.2865710598259126,-9.372549496203828,-6.85690344174094,-6.798126483229426,-7.324526514822509,-6.527735399164523,2.3193439253624266
0.004314899444580078,0.0006850308898972595,0.001663970947265625,0.0005231041936862767,13,2,7,"{""modelo__max_depth"": 13, ""modelo__min_samples_leaf"": 2, ""modelo__min_samples_split"": 7}",-100.58330620588929,-46.9289478126811,-82.78613275480426,-35.56467076691461,-37.10706922780859,-60.59402535361958,26.29247899027424,371,-3.3438877315329747,-10.85643874246124,-8.797468549470855,-7.4349928448939515,-7.324526514822509,-7.551462876636306,2.4594369108688197
0.004107332229614258,0.0005149046871932846,0.0023035526275634764,0.0008133909629313307,13,2,8,"{""modelo__max_depth"": 13, ""modelo__min_samples_leaf"": 2, ""modelo__min_samples_split"": 8}",-100.58330620588929,-52.64163643062229,-82.78613275480426,-20.726390671733704,-33.44945781649969,-58.03738477590984,29.8276599493076,350,-3.3438877315329747,-15.833547549399865,-8.797468549470855,-12.306098084271158,-8.833086792479238,-9.822817741430818,4.154587740690171
0.004574966430664062,0.000751934422479657,0.0019803524017333986,0.0004679164280852913,13,2,9,"{""modelo__max_depth"": 13, ""modelo__min_samples_leaf"": 2, ""modelo__min_samples_split"": 9}",-95.527436987333,-52.64163643062229,-86.79256314462728,-19.813115282909106,-33.44945781649969,-57.64484193239828,29.41553629989614,335,-4.095057603088391,-15.833547549399865,-10.257144451636488,-13.395201495023533,-8.833086792479238,-10.482807578325502,4.017170865875998
0.004057931900024414,0.0004017747214476418,0.001798725128173828,0.0005531391932454962,13,3,2,"{""modelo__max_depth"": 13, ""modelo__min_samples_leaf"": 3, ""modelo__min_samples_split"": 2}",-82.1675578987766,-42.85408223772989,-83.50350643748584,-28.169199767931666,-36.50423615402649,-54.639716499190094,23.492064617812556,262,-5.6584996199022655,-13.065273851267985,-6.955559875769047,-12.336157522336874,-10.017385536144925,-9.606575281084218,2.9050701947612843
0.0032720565795898438,0.0009082103565407881,0.0017100334167480468,0.0005016657461218842,13,3,3,"{""modelo__max_depth"": 13, ""modelo__min_samples_leaf"": 3, ""modelo__min_samples_split"": 3}",-82.1675578987766,-42.85408223772989,-83.50350643748584,-28.169199767931666,-36.50423615402649,-54.639716499190094,23.492064617812556,262,-5.6584996199022655,-13.065273851267985,-6.955559875769047,-12.336157522336874,-10.017385536144925,-9.606575281084218,2.9050701947612843
0.004364442825317383,0.0011736199869036442,0.0021056175231933595,0.0005384739552896168,13,3,4,"{""modelo__max_depth"": 13, ""modelo__min_samples_leaf"": 3, ""modelo__min_samples_split"": 4}",-82.1675578987766,-42.85408223772989,-83.50350643748584,-28.169199767931666,-36.50423615402649,-54.639716499190094,23.492064617812556,262,-5.6584996199022655,-13.065273851267985,-6.955559875769047,-12.336157522336874,-10.017385536144925,-9.606575281084218,2.9050701947612843
0.003611850738525391,0.0009179126120226534,0.001966714859008789,0.00012953560278671132,13,3,5,"{""modelo__max_depth"": 13, ""modelo__min_samples_leaf"": 3, ""modelo__min_samples_split"": 5}",-82.1675578987766,-42.85408223772989,-83.50350643748584,-28.169199767931666,-36.50423615402649,-54.639716499190094,23.492064617812556,262,-5.6584996199022655,-13.065273851267985,-6.955559875769047,-12.336157522336874,-10.017385536144925,-9.606575281084218,2.9050701947612843
0.003524494171142578,0.0005434599174754256,0.0017146587371826172,0.0002959961964146073,13,3,6,"{""modelo__max_depth"": 13, ""modelo__min_samples_leaf"": 3, ""modelo__min_samples_split"": 6}",-82.1675578987766,-42.85408223772989,-83.50350643748584,-28.169199767931666,-36.50423615402649,-54.639716499190094,23.492064617812556,262,-5.6584996199022655,-13.065273851267985,-6.955559875769047,-12.336157522336874,-10.017385536144925,-9.606575281084218,2.9050701947612843
0.003847217559814453,0.0009096449709725203,0.0016469478607177735,0.0006327009817548862,13,3,7,"{""modelo__max_depth"": 13, ""modelo__min_samples_leaf"": 3, ""modelo__min_samples_split"": 7}",-81.0709612934678,-41.49652895959092,-83.67457891158418,-25.993855208026474,-36.50423615402649,-53.74803210533916,23.916031554394543,236,-6.161020342555333,-13.764923431195047,-8.89612498349896,-12.685719413890777,-10.017385536144925,-10.30503474145701,2.71584658493917
0.0033340930938720705,0.0006959427036042319,0.0014293670654296875,0.00043200823903597006,13,3,8,"{""modelo__max_depth"": 13, ""modelo__min_samples_leaf"": 3, ""modelo__min_samples_split"": 8}",-70.43402403413816,-50.120465891998286,-83.67457891158418,-20.78318435891169,-32.846624742717616,-51.57177558786999,23.182102240999413,201,-6.868670513483367,-17.350928747025364,-9.254318614972199,-15.59278606499,-11.525945813801652,-12.118529950854517,3.8875272180916314
0.0036023139953613283,0.0011485444141114275,0.0016272544860839843,0.00046177582024878316,13,3,9,"{""modelo__max_depth"": 13, ""modelo__min_samples_leaf"": 3, ""modelo__min_samples_split"": 9}",-70.43402403413816,-49.68603059408618,-87.68100930140722,-21.893927334688374,-31.113332437664177,-52.16166474039683,24.334337619984296,219,-6.868670513483367,-17.95003477031236,-10.35782339237287,-15.724477348717315,-12.158106944989035,-12.611822593974988,3.910378369734304
0.0032796859741210938,0.0010382629332136442,0.001558828353881836,0.00044888092074773356,13,4,2,"{""modelo__max_depth"": 13, ""modelo__min_samples_leaf"": 4, ""modelo__min_samples_split"": 2}",-75.48130012568937,-29.698576391249453,-85.69250888239355,-33.55436546491702,-24.875613409256648,-49.860472854701214,25.444040577936498,39,-12.819271551079671,-18.89769376676906,-9.505811234993768,-18.481290914701887,-16.11993937561828,-15.164801368632533,3.560099904083927
0.003615140914916992,0.0006377294206823949,0.0015176296234130859,0.0002747416204033821,13,4,3,"{""modelo__max_depth"": 13, ""modelo__min_samples_leaf"": 4, ""modelo__min_samples_split"": 3}",-75.48130012568937,-29.698576391249453,-85.69250888239355,-33.55436546491702,-24.875613409256648,-49.860472854701214,25.444040577936498,39,-12.819271551079671,-18.89769376676906,-9.505811234993768,-18.481290914701887,-16.11993937561828,-15.164801368632533,3.560099904083927
0.004420280456542969,0.0007668709191565608,0.002167224884033203,0.0004039467946144265,13,4,4,"{""modelo__max_depth"": 13, ""modelo__min_samples_leaf"": 4, ""modelo__min_samples_split"": 4}",-75.48130012568937,-29.698576391249453,-85.69250888239355,-33.55436546491702,-24.875613409256648,-49.860472854701214,25.444040577936498,39,-12.819271551079671,-18.89769376676906,-9.505811234993768,-18.481290914701887,-16.11993937561828,-15.164801368632533,3.560099904083927
0.0042552947998046875,0.0008685464685344911,0.0020964622497558595,0.0006538406935965356,13,4,5,"{""modelo__max_depth"": 13, ""modelo__min_samples_leaf"": 4, ""modelo__min_samples_split"": 5}",-75.48130012568937,-29.698576391249453,-85.69250888239355,-33.55436546491702,-24.875613409256648,-49.860472854701214,25.444040577936498,39,-12.819271551079671,-18.89769376676906,-9.505811234993768,-18.481290914701887,-16.11993937561828,-15.164801368632533,3.560099904083927
0.003857278823852539,0.0009323548753502898,0.0016398429870605469,0.0005384048360470503,13,4,6,"{""modelo__max_depth"": 13, ""modelo__min_samples_leaf"": 4, ""modelo__min_samples_split"": 6}",-75.48130012568937,-29.698576391249453,-85.69250888239355,-33.55436546491702,-24.875613409256648,-49.860472854701214,25.444040577936498,39,-12.819271551079671,-18.89769376676906,-9.505811234993768,-18.481290914701887,-16.11993937561828,-15.164801368632533,3.560099904083927
0.0032994747161865234,0.001389874786375399,0.0017524242401123046,0.0003237980058594284,13,4,7,"{""modelo__max_depth"": 13, ""modelo__min_samples_leaf"": 4, ""modelo__min_samples_split"": 7}",-75.48130012568937,-29.698576391249453,-85.69250888239355,-33.55436546491702,-24.875613409256648,-49.860472854701214,25.444040577936498,39,-12.819271551079671,-18.89769376676906,-9.505811234993768,-18.481290914701887,-16.11993937561828,-15.164801368632533,3.560099904083927
0.003961801528930664,0.0009432465992405189,0.001593160629272461,0.0004810566040036146,13,4,8,"{""modelo__max_depth"": 13, ""modelo__min_samples_leaf"": 4, ""modelo__min_samples_split"": 8}",-75.48130012568937,-29.698576391249453,-85.69250888239355,-33.55436546491702,-24.875613409256648,-49.860472854701214,25.444040577936498,39,-12.819271551079671,-18.89769376676906,-9.505811234993768,-18.481290914701887,-16.11993937561828,-15.164801368632533,3.560099904083927
0.004211854934692383,0.0008942930756246416,0.0018310546875,0.0005159309742840254,13,4,9,"{""modelo__max_depth"": 13, ""modelo__min_samples_leaf"": 4, ""modelo__min_samples_split"": 9}",-78.20168674710978,-29.757962566939852,-87.58626262591379,-34.72834800999018,-23.734419450789645,-50.80173588014865,26.599595963063496,169,-14.058053918111339,-19.735482701413016,-10.656597148706805,-19.381395902061907,-16.31552733305176,-16.029411400668966,3.40017676660094
0.003683662414550781,0.0011174370751469893,0.0017525672912597657,0.0004945243983012191,14,1,2,"{""modelo__max_depth"": 14, ""modelo__min_samples_leaf"": 1, ""modelo__min_samples_split"": 2}",-106.72009597613076,-61.37544437261766,-73.90282392277774,-65.30299217815657,-39.49546825544114,-69.35936494102478,21.856425672454268,551,-0.0,-0.0,-0.0,-0.0,-0.0,0.0,0.0
0.0035437583923339845,0.0005487699365067348,0.0019924163818359373,0.0009019588986727849,14,1,3,"{""modelo__max_depth"": 14, ""modelo__min_samples_leaf"": 1, ""modelo__min_samples_split"": 3}",-96.27609367023221,-57.0358532248316,-72.35076585927192,-58.22447566320667,-41.40162149016703,-65.05776198154189,18.430572123201546,477,-0.765635950664042,-0.4051316814393868,-0.22951487047995675,-0.8393852645897566,-0.7777178702110227,-0.603477127476833,0.24145254405124986
0.0037570476531982424,0.0005958249519787166,0.0016916751861572265,0.0003958667108468074,14,1,4,"{""modelo__max_depth"": 14, ""modelo__min_samples_leaf"": 1, ""modelo__min_samples_split"": 4}",-97.6252296107372,-49.271897376144516,-72.09001907374811,-53.392959871573034,-39.635769596982286,-62.403175105837036,20.525093210952896,415,-1.6731802142704435,-1.6267986657322704,-1.0510139466216628,-1.8610758970265904,-1.3761943720771244,-1.5176526191456183,0.27992975064466763
0.0036871910095214845,0.0009141139007471232,0.0019448280334472656,0.00021536403962322458,14,1,5,"{""modelo__max_depth"": 14, ""modelo__min_samples_leaf"": 1, ""modelo__min_samples_split"": 5}",-96.58465586235282,-79.50109784559423,-62.844183495545906,-55.691555341461374,-36.19375469963365,-66.16304944891759,20.601957963428863,521,-2.0419735090792894,-2.651070459484247,-2.839359595519408,-3.5865994982698437,-5.004875549112941,-3.2247757222931464,1.01748476482367
0.003416776657104492,0.000673934892269683,0.0016187667846679688,0.0003823038042611901,14,1,6,"{""modelo__max_depth"": 14, ""modelo__min_samples_leaf"": 1, ""modelo__min_samples_split"": 6}",-99.18835181860926,-53.70313184604627,-85.76233734066703,-56.80642249014564,-37.54553346243789,-66.60115539158122,22.51933051553991,536,-2.276150709516252,-3.589839063189842,-6.419284657225337,-4.58264210126864,-6.19551742188292,-4.612686790616598,1.566886701331915
0.002838420867919922,0.000728257148857266,0.0015472412109375,0.00043243385215159557,14,1,7,"{""modelo__max_depth"": 14, ""modelo__min_samples_leaf"": 1, ""modelo__min_samples_split"": 7}",-100.58330620588929,-73.58682479075709,-81.46908801778166,-56.49754096574991,-37.54553346243789,-69.93645868852317,21.51898009311974,561,-3.3438877315329747,-6.352064050531172,-8.666266258302244,-4.963764535067455,-6.19551742188292,-5.904299999463353,1.7523741489230347
0.003995847702026367,0.0009502779253072058,0.0016425132751464843,0.000345372149713414,14,1,8,"{""modelo__max_depth"": 14, ""modelo__min_samples_leaf"": 1, ""modelo__min_samples_split"": 8}",-100.58330620588929,-67.73964789481029,-81.46908801778166,-46.07630895688091,-33.88792205112898,-65.95125462529822,23.94348037127582,506,-3.3438877315329747,-15.288381671622377,-8.666266258302244,-6.051035832534408,-7.704077699539648,-8.21072983870633,3.972601051808017
0.003768444061279297,0.0011832722199433567,0.0017780780792236329,0.0003313693160983409,14,1,9,"{""modelo__max_depth"": 14, ""modelo__min_samples_leaf"": 1, ""modelo__min_samples_split"": 9}",-95.527436987333,-67.73964789481029,-85.4755184076047,-44.716016411536025,-34.652314811041,-65.622186902465,23.191219620798414,489,-4.095057603088391,-15.288381671622377,-9.769771035702913,-7.236161613212291,-8.288287638027326,-8.93553191233066,3.6821632522656094
0.004612970352172852,0.0010517495213166472,0.0017590999603271484,0.00045149941157437176,14,2,2,"{""modelo__max_depth"": 14, ""modelo__min_samples_leaf"": 2, ""modelo__min_samples_split"": 2}",-98.58525852438468,-53.7742972113136,-91.29388972586038,-39.66106243251852,-39.59129683079701,-64.58116094497484,25.42495409311372,438,-1.7578312780622998,-7.2977953484259706,-3.321509725032457,-4.051210281838294,-1.6433151203248182,-3.6143323507367677,2.0579607492649457
0.004312992095947266,0.0007682998370796404,0.0017629146575927734,0.0001834224277232427,14,2,3,"{""modelo__max_depth"": 14, ""modelo__min_samples_leaf"": 2, ""modelo__min_samples_split"": 3}",-98.58525852438468,-53.7742972113136,-91.29388972586038,-39.66106243251852,-39.59129683079701,-64.58116094497484,25.42495409311372,438,-1.7578312780622998,-7.2977953484259706,-3.321509725032457,-4.051210281838294,-1.6433151203248182,-3.6143323507367677,2.0579607492649457
0.004106378555297852,0.0005348800729458072,0.0018072128295898438,0.0003601235097184851,14,2,4,"{""modelo__max_depth"": 14, ""modelo__min_samples_leaf"": 2, ""modelo__min_samples_split"": 4}",-98.58525852438468,-53.7742972113136,-91.29388972586038,-39.66106243251852,-39.59129683079701,-64.58116094497484,25.42495409311372,438,-1.7578312780622998,-7.2977953484259706,-3.321509725032457,-4.051210281838294,-1.6433151203248182,-3.6143323507367677,2.0579607492649457
0.004187297821044922,0.0004966744492123358,0.0017563343048095704,0.00012614975530094013,14,2,5,"{""modelo__max_depth"": 14, ""modelo__min_samples_leaf"": 2, ""modelo__min_samples_split"": 5}",-96.58465586235282,-56.25746249086361,-84.09106649842006,-37.27992224450527,-35.390441135592226,-61.92070964634679,24.642279965920387,402,-2.065923811774069,-7.816775987441091,-4.6495184291423355,-5.934328806313277,-6.121021582935624,-5.31751372352128,1.9126657971450503
0.0032179832458496095,0.0005058596926707942,0.001373147964477539,0.000329114464320246,14,2,6,"{""modelo__max_depth"": 14, ""modelo__min_samples_leaf"": 2, ""modelo__min_samples_split"": 6}",-99.18835181860926,-47.157270498674315,-84.94402728700071,-36.43227745030991,-37.10706922780859,-60.965799256480565,26.068091994230727,386,-2.2865710598259126,-9.372549496203828,-6.85690344174094,-6.798126483229426,-7.324526514822509,-6.527735399164523,2.3193439253624266
0.003240633010864258,0.0007570093689476625,0.001689910888671875,0.000300417135474789,14,2,7,"{""modelo__max_depth"": 14, ""modelo__min_samples_leaf"": 2, ""modelo__min_samples_split"": 7}",-100.58330620588929,-46.9289478126811,-82.78613275480426,-35.56467076691461,-37.10706922780859,-60.59402535361958,26.29247899027424,371,-3.3438877315329747,-10.85643874246124,-8.797468549470855,-7.4349928448939515,-7.324526514822509,-7.551462876636306,2.4594369108688197
0.004126310348510742,0.0007137656266604684,0.0018432140350341797,0.0005289372356160299,14,2,8,"{""modelo__max_depth"": 14, ""modelo__min_samples_leaf"": 2, ""modelo__min_samples_split"": 8}",-100.58330620588929,-52.64163643062229,-82.78613275480426,-20.726390671733704,-33.44945781649969,-58.03738477590984,29.8276599493076,350,-3.3438877315329747,-15.833547549399865,-8.797468549470855,-12.306098084271158,-8.833086792479238,-9.822817741430818,4.154587740690171
0.0044498443603515625,0.0005821786667140264,0.0018196582794189453,0.0002958963950625872,14,2,9,"{""modelo__max_depth"": 14, ""modelo__min_samples_leaf"": 2, ""modelo__min_samples_split"": 9}",-95.527436987333,-52.64163643062229,-86.79256314462728,-19.813115282909106,-33.44945781649969,-57.64484193239828,29.41553629989614,335,-4.095057603088391,-15.833547549399865,-10.257144451636488,-13.395201495023533,-8.833086792479238,-10.482807578325502,4.017170865875998
0.004147815704345703,0.0008947660963586032,0.0021694183349609377,0.00041517801995809614,14,3,2,"{""modelo__max_depth"": 14, ""modelo__min_samples_leaf"": 3, ""modelo__min_samples_split"": 2}",-82.1675578987766,-42.85408223772989,-83.50350643748584,-28.169199767931666,-36.50423615402649,-54.639716499190094,23.492064617812556,262,-5.6584996199022655,-13.065273851267985,-6.955559875769047,-12.336157522336874,-10.017385536144925,-9.606575281084218,2.9050701947612843
0.004149580001831054,0.0007163647097262033,0.0019280433654785157,0.0004551371683640116,14,3,3,"{""modelo__max_depth"": 14, ""modelo__min_samples_leaf"": 3, ""modelo__min_samples_split"": 3}",-82.1675578987766,-42.85408223772989,-83.50350643748584,-28.169199767931666,-36.50423615402649,-54.639716499190094,23.492064617812556,262,-5.6584996199022655,-13.065273851267985,-6.955559875769047,-12.336157522336874,-10.017385536144925,-9.606575281084218,2.9050701947612843
0.00516657829284668,0.0013898663973051176,0.0025014877319335938,0.00021803417513413512,14,3,4,"{""modelo__max_depth"": 14, ""modelo__min_samples_leaf"": 3, ""modelo__min_samples_split"": 4}",-82.1675578987766,-42.85408223772989,-83.50350643748584,-28.169199767931666,-36.50423615402649,-54.639716499190094,23.492064617812556,262,-5.6584996199022655,-13.065273851267985,-6.955559875769047,-12.336157522336874,-10.017385536144925,-9.606575281084218,2.9050701947612843
0.0045416831970214845,0.00043027845319519803,0.0020091056823730467,0.00014573327797807634,14,3,5,"{""modelo__max_depth"": 14, ""modelo__min_samples_leaf"": 3, ""modelo__min_samples_split"": 5}",-82.1675578987766,-42.85408223772989,-83.50350643748584,-28.169199767931666,-36.50423615402649,-54.639716499190094,23.492064617812556,262,-5.6584996199022655,-13.065273851267985,-6.955559875769047,-12.336157522336874,-10.017385536144925,-9.606575281084218,2.9050701947612843
0.004711723327636719,0.0006020616204359416,0.0022057533264160157,0.0004714890638773618,14,3,6,"{""modelo__max_depth"": 14, ""modelo__min_samples_leaf"": 3, ""modelo__min_samples_split"": 6}",-82.1675578987766,-42.85408223772989,-83.50350643748584,-28.169199767931666,-36.50423615402649,-54.639716499190094,23.492064617812556,262,-5.6584996199022655,-13.065273851267985,-6.955559875769047,-12.336157522336874,-10.017385536144925,-9.606575281084218,2.9050701947612843
0.004502391815185547,0.000589109674680447,0.0019890785217285155,0.0005772942720254537,14,3,7,"{""modelo__max_depth"": 14, ""modelo__min_samples_leaf"": 3, ""modelo__min_samples_split"": 7}",-81.0709612934678,-41.49652895959092,-83.67457891158418,-25.993855208026474,-36.50423615402649,-53.74803210533916,23.916031554394543,236,-6.161020342555333,-13.764923431195047,-8.89612498349896,-12.685719413890777,-10.017385536144925,-10.30503474145701,2.71584658493917
0.00517120361328125,0.0007869954049096421,0.0023185253143310548,0.00040492470172097687,14,3,8,"{""modelo__max_depth"": 14, ""modelo__min_samples_leaf"": 3, ""modelo__min_samples_split"": 8}",-70.43402403413816,-50.120465891998286,-83.67457891158418,-20.78318435891169,-32.846624742717616,-51.57177558786999,23.182102240999413,201,-6.868670513483367,-17.350928747025364,-9.254318614972199,-15.59278606499,-11.525945813801652,-12.118529950854517,3.8875272180916314
0.00535888671875,0.0014243702785813302,0.002401924133300781,0.0005067971623698917,14,3,9,"{""modelo__max_depth"": 14, ""modelo__min_samples_leaf"": 3, ""modelo__min_samples_split"": 9}",-70.43402403413816,-49.68603059408618,-87.68100930140722,-21.893927334688374,-31.113332437664177,-52.16166474039683,24.334337619984296,219,-6.868670513483367,-17.95003477031236,-10.35782339237287,-15.724477348717315,-12.158106944989035,-12.611822593974988,3.910378369734304
0.0037237167358398437,0.0006033358136059642,0.002303314208984375,0.000695397712269556,14,4,2,"{""modelo__max_depth"": 14, ""modelo__min_samples_leaf"": 4, ""modelo__min_samples_split"": 2}",-75.48130012568937,-29.698576391249453,-85.69250888239355,-33.55436546491702,-24.875613409256648,-49.860472854701214,25.444040577936498,39,-12.819271551079671,-18.89769376676906,-9.505811234993768,-18.481290914701887,-16.11993937561828,-15.164801368632533,3.560099904083927
0.004330635070800781,0.0007801268674938221,0.002008676528930664,0.0003960979246000303,14,4,3,"{""modelo__max_depth"": 14, ""modelo__min_samples_leaf"": 4, ""modelo__min_samples_split"": 3}",-75.48130012568937,-29.698576391249453,-85.69250888239355,-33.55436546491702,-24.875613409256648,-49.860472854701214,25.444040577936498,39,-12.819271551079671,-18.89769376676906,-9.505811234993768,-18.481290914701887,-16.11993937561828,-15.164801368632533,3.560099904083927
0.005118656158447266,0.0010204888421294904,0.001983451843261719,0.0004202031892000953,14,4,4,"{""modelo__max_depth"": 14, ""modelo__min_samples_leaf"": 4, ""modelo__min_samples_split"": 4}",-75.48130012568937,-29.698576391249453,-85.69250888239355,-33.55436546491702,-24.875613409256648,-49.860472854701214,25.444040577936498,39,-12.819271551079671,-18.89769376676906,-9.505811234993768,-18.481290914701887,-16.11993937561828,-15.164801368632533,3.560099904083927
0.005110025405883789,0.0009545118826263957,0.0026143550872802734,0.0007294385252728701,14,4,5,"{""modelo__max_depth"": 14, ""modelo__min_samples_leaf"": 4, ""modelo__min_samples_split"": 5}",-75.48130012568937,-29.698576391249453,-85.69250888239355,-33.55436546491702,-24.875613409256648,-49.860472854701214,25.444040577936498,39,-12.819271551079671,-18.89769376676906,-9.505811234993768,-18.481290914701887,-16.11993937561828,-15.164801368632533,3.560099904083927
0.00468740463256836,0.0010229189760584518,0.002056789398193359,0.00020057719621655504,14,4,6,"{""modelo__max_depth"": 14, ""modelo__min_samples_leaf"": 4, ""modelo__min_samples_split"": 6}",-75.48130012568937,-29.698576391249453,-85.69250888239355,-33.55436546491702,-24.875613409256648,-49.860472854701214,25.444040577936498,39,-12.819271551079671,-18.89769376676906,-9.505811234993768,-18.481290914701887,-16.11993937561828,-15.164801368632533,3.560099904083927
0.004352569580078125,0.0005442063124547707,0.002050638198852539,0.0004521779164749476,14,4,7,"{""modelo__max_depth"": 14, ""modelo__min_samples_leaf"": 4, ""modelo__min_samples_split"": 7}",-75.48130012568937,-29.698576391249453,-85.69250888239355,-33.55436546491702,-24.875613409256648,-49.860472854701214,25.444040577936498,39,-12.819271551079671,-18.89769376676906,-9.505811234993768,-18.481290914701887,-16.11993937561828,-15.164801368632533,3.560099904083927
0.005730485916137696,0.0008605029648202995,0.002608060836791992,0.0009918065597284103,14,4,8,"{""modelo__max_depth"": 14, ""modelo__min_samples_leaf"": 4, ""modelo__min_samples_split"": 8}",-75.48130012568937,-29.698576391249453,-85.69250888239355,-33.55436546491702,-24.875613409256648,-49.860472854701214,25.444040577936498,39,-12.819271551079671,-18.89769376676906,-9.505811234993768,-18.481290914701887,-16.11993937561828,-15.164801368632533,3.560099904083927
0.004798746109008789,0.0005499884638463663,0.0023976802825927735,0.000640425635043454,14,4,9,"{""modelo__max_depth"": 14, ""modelo__min_samples_leaf"": 4, ""modelo__min_samples_split"": 9}",-78.20168674710978,-29.757962566939852,-87.58626262591379,-34.72834800999018,-23.734419450789645,-50.80173588014865,26.599595963063496,169,-14.058053918111339,-19.735482701413016,-10.656597148706805,-19.381395902061907,-16.31552733305176,-16.029411400668966,3.40017676660094
0.004073810577392578,0.00023007950751305882,0.0019636631011962892,0.00013323801246922806,15,1,2,"{""modelo__max_depth"": 15, ""modelo__min_samples_leaf"": 1, ""modelo__min_samples_split"": 2}",-106.72009597613076,-61.37544437261766,-73.90282392277774,-65.30299217815657,-39.49546825544114,-69.35936494102478,21.856425672454268,551,-0.0,-0.0,-0.0,-0.0,-0.0,0.0,0.0
0.0039364337921142575,0.0011119043982412008,0.0016856670379638671,0.0003544055537237459,15,1,3,"{""modelo__max_depth"": 15, ""modelo__min_samples_leaf"": 1, ""modelo__min_samples_split"": 3}",-96.27609367023221,-57.0358532248316,-72.35076585927192,-58.22447566320667,-41.40162149016703,-65.05776198154189,18.430572123201546,477,-0.765635950664042,-0.4051316814393868,-0.22951487047995675,-0.8393852645897566,-0.7777178702110227,-0.603477127476833,0.24145254405124986
0.0039865970611572266,0.001428885449707844,0.0017935276031494141,0.0003034738903322394,15,1,4,"{""modelo__max_depth"": 15, ""modelo__min_samples_leaf"": 1, ""modelo__min_samples_split"": 4}",-97.6252296107372,-49.271897376144516,-72.09001907374811,-53.392959871573034,-39.635769596982286,-62.403175105837036,20.525093210952896,415,-1.6731802142704435,-1.6267986657322704,-1.0510139466216628,-1.8610758970265904,-1.3761943720771244,-1.5176526191456183,0.27992975064466763
0.004482650756835937,0.00026355983309551853,0.002014923095703125,0.00019827198670186523,15,1,5,"{""modelo__max_depth"": 15, ""modelo__min_samples_leaf"": 1, ""modelo__min_samples_split"": 5}",-96.58465586235282,-79.50109784559423,-62.844183495545906,-55.691555341461374,-36.19375469963365,-66.16304944891759,20.601957963428863,521,-2.0419735090792894,-2.651070459484247,-2.839359595519408,-3.5865994982698437,-5.004875549112941,-3.2247757222931464,1.01748476482367
0.004027557373046875,0.0010191001674260947,0.0016582965850830077,0.00047590972831845443,15,1,6,"{""modelo__max_depth"": 15, ""modelo__min_samples_leaf"": 1, ""modelo__min_samples_split"": 6}",-99.18835181860926,-53.70313184604627,-85.76233734066703,-56.80642249014564,-37.54553346243789,-66.60115539158122,22.51933051553991,536,-2.276150709516252,-3.589839063189842,-6.419284657225337,-4.58264210126864,-6.19551742188292,-4.612686790616598,1.566886701331915
0.003381490707397461,0.0006727658947691354,0.0016664505004882813,0.000488008822685051,15,1,7,"{""modelo__max_depth"": 15, ""modelo__min_samples_leaf"": 1, ""modelo__min_samples_split"": 7}",-100.58330620588929,-73.58682479075709,-81.46908801778166,-56.49754096574991,-37.54553346243789,-69.93645868852317,21.51898009311974,561,-3.3438877315329747,-6.352064050531172,-8.666266258302244,-4.963764535067455,-6.19551742188292,-5.904299999463353,1.7523741489230347
0.0039046287536621095,0.0008744275430728867,0.0020058155059814453,0.0008558849363577159,15,1,8,"{""modelo__max_depth"": 15, ""modelo__min_samples_leaf"": 1, ""modelo__min_samples_split"": 8}",-100.58330620588929,-67.73964789481029,-81.46908801778166,-46.07630895688091,-33.88792205112898,-65.95125462529822,23.94348037127582,506,-3.3438877315329747,-15.288381671622377,-8.666266258302244,-6.051035832534408,-7.704077699539648,-8.21072983870633,3.972601051808017
0.0046520233154296875,0.0004200724543413641,0.002311849594116211,0.000619104340802089,15,1,9,"{""modelo__max_depth"": 15, ""modelo__min_samples_leaf"": 1, ""modelo__min_samples_split"": 9}",-95.527436987333,-67.73964789481029,-85.4755184076047,-44.716016411536025,-34.652314811041,-65.622186902465,23.191219620798414,489,-4.095057603088391,-15.288381671622377,-9.769771035702913,-7.236161613212291,-8.288287638027326,-8.93553191233066,3.6821632522656094
0.004699516296386719,0.0005063111733725577,0.0025307655334472655,0.0005476882642869508,15,2,2,"{""modelo__max_depth"": 15, ""modelo__min_samples_leaf"": 2, ""modelo__min_samples_split"": 2}",-98.58525852438468,-53.7742972113136,-91.29388972586038,-39.66106243251852,-39.59129683079701,-64.58116094497484,25.42495409311372,438,-1.7578312780622998,-7.2977953484259706,-3.321509725032457,-4.051210281838294,-1.6433151203248182,-3.6143323507367677,2.0579607492649457
0.004757738113403321,0.0008001779985649338,0.0022257328033447265,0.00046743188195961784,15,2,3,"{""modelo__max_depth"": 15, ""modelo__min_samples_leaf"": 2, ""modelo__min_samples_split"": 3}",-98.58525852438468,-53.7742972113136,-91.29388972586038,-39.66106243251852,-39.59129683079701,-64.58116094497484,25.42495409311372,438,-1.7578312780622998,-7.2977953484259706,-3.321509725032457,-4.051210281838294,-1.6433151203248182,-3.6143323507367677,2.0579607492649457
0.004223442077636719,0.000520825036250246,0.0019599437713623048,0.0007781047478545879,15,2,4,"{""modelo__max_depth"": 15, ""modelo__min_samples_leaf"": 2, ""modelo__min_samples_split"": 4}",-98.58525852438468,-53.7742972113136,-91.29388972586038,-39.66106243251852,-39.59129683079701,-64.58116094497484,25.42495409311372,438,-1.7578312780622998,-7.2977953484259706,-3.321509725032457,-4.051210281838294,-1.6433151203248182,-3.6143323507367677,2.0579607492649457
0.004379892349243164,0.0006836760839357878,0.001957416534423828,0.00011058006885975935,15,2,5,"{""modelo__max_depth"": 15, ""modelo__min_samples_leaf"": 2, ""modelo__min_samples_split"": 5}",-96.58465586235282,-56.25746249086361,-84.09106649842006,-37.27992224450527,-35.390441135592226,-61.92070964634679,24.642279965920387,402,-2.065923811774069,-7.816775987441091,-4.6495184291423355,-5.934328806313277,-6.121021582935624,-5.31751372352128,1.9126657971450503
0.004592704772949219,0.0011288381218042824,0.0022234439849853514,0.0007448968316154498,15,2,6,"{""modelo__max_depth"": 15, ""modelo__min_samples_leaf"": 2, ""modelo__min_samples_split"": 6}",-99.18835181860926,-47.157270498674315,-84.94402728700071,-36.43227745030991,-37.10706922780859,-60.965799256480565,26.068091994230727,386,-2.2865710598259126,-9.372549496203828,-6.85690344174094,-6.798126483229426,-7.324526514822509,-6.527735399164523,2.3193439253624266
0.003968095779418946,0.0013831771754424093,0.002157115936279297,0.0007922895202703286,15,2,7,"{""modelo__max_depth"": 15, ""modelo__min_samples_leaf"": 2, ""modelo__min_samples_split"": 7}",-100.58330620588929,-46.9289478126811,-82.78613275480426,-35.56467076691461,-37.10706922780859,-60.59402535361958,26.29247899027424,371,-3.3438877315329747,-10.85643874246124,-8.797468549470855,-7.4349928448939515,-7.324526514822509,-7.551462876636306,2.4594369108688197
0.004872941970825195,0.001146530753776996,0.0021515846252441405,0.000751175555206433,15,2,8,"{""modelo__max_depth"": 15, ""modelo__min_samples_leaf"": 2, ""modelo__min_samples_split"": 8}",-100.58330620588929,-52.64163643062229,-82.78613275480426,-20.726390671733704,-33.44945781649969,-58.03738477590984,29.8276599493076,350,-3.3438877315329747,-15.833547549399865,-8.797468549470855,-12.306098084271158,-8.833086792479238,-9.822817741430818,4.154587740690171
0.004048490524291992,0.00042567439264228253,0.0021268367767333985,0.0007159933673590441,15,2,9,"{""modelo__max_depth"": 15, ""modelo__min_samples_leaf"": 2, ""modelo__min_samples_split"": 9}",-95.527436987333,-52.64163643062229,-86.79256314462728,-19.813115282909106,-33.44945781649969,-57.64484193239828,29.41553629989614,335,-4.095057603088391,-15.833547549399865,-10.257144451636488,-13.395201495023533,-8.833086792479238,-10.482807578325502,4.017170865875998
0.005124521255493164,0.0006991419098080004,0.0021639347076416017,0.00019508936735177082,15,3,2,"{""modelo__max_depth"": 15, ""modelo__min_samples_leaf"": 3, ""modelo__min_samples_split"": 2}",-82.1675578987766,-42.85408223772989,-83.50350643748584,-28.169199767931666,-36.50423615402649,-54.639716499190094,23.492064617812556,262,-5.6584996199022655,-13.065273851267985,-6.955559875769047,-12.336157522336874,-10.017385536144925,-9.606575281084218,2.9050701947612843
0.004495096206665039,0.0006263776978234335,0.00206146240234375,0.00022067066483439843,15,3,3,"{""modelo__max_depth"": 15, ""modelo__min_samples_leaf"": 3, ""modelo__min_samples_split"": 3}",-82.1675578987766,-42.85408223772989,-83.50350643748584,-28.169199767931666,-36.50423615402649,-54.639716499190094,23.492064617812556,262,-5.6584996199022655,-13.065273851267985,-6.955559875769047,-12.336157522336874,-10.017385536144925,-9.606575281084218,2.9050701947612843
0.0037239551544189452,0.0009794960046225947,0.001492929458618164,0.0003063988540066697,15,3,4,"{""modelo__max_depth"": 15, ""modelo__min_samples_leaf"": 3, ""modelo__min_samples_split"": 4}",-82.1675578987766,-42.85408223772989,-83.50350643748584,-28.169199767931666,-36.50423615402649,-54.639716499190094,23.492064617812556,262,-5.6584996199022655,-13.065273851267985,-6.955559875769047,-12.336157522336874,-10.017385536144925,-9.606575281084218,2.9050701947612843
0.003466510772705078,0.0007130162879961176,0.0015824317932128906,0.000419838759879688,15,3,5,"{""modelo__max_depth"": 15, ""modelo__min_samples_leaf"": 3, ""modelo__min_samples_split"": 5}",-82.1675578987766,-42.85408223772989,-83.50350643748584,-28.169199767931666,-36.50423615402649,-54.639716499190094,23.492064617812556,262,-5.6584996199022655,-13.065273851267985,-6.955559875769047,-12.336157522336874,-10.017385536144925,-9.606575281084218,2.9050701947612843
0.003477811813354492,0.0006194911197843982,0.001526021957397461,0.00031893315261360917,15,3,6,"{""modelo__max_depth"": 15, ""modelo__min_samples_leaf"": 3, ""modelo__min_samples_split"": 6}",-82.1675578987766,-42.85408223772989,-83.50350643748584,-28.169199767931666,-36.50423615402649,-54.639716499190094,23.492064617812556,262,-5.6584996199022655,-13.065273851267985,-6.955559875769047,-12.336157522336874,-10.017385536144925,-9.606575281084218,2.9050701947612843
0.004436874389648437,0.0006278692980864767,0.0019921779632568358,0.00019836869372396416,15,3,7,"{""modelo__max_depth"": 15, ""modelo__min_samples_leaf"": 3, ""modelo__min_samples_split"": 7}",-81.0709612934678,-41.49652895959092,-83.67457891158418,-25.993855208026474,-36.50423615402649,-53.74803210533916,23.916031554394543,236,-6.161020342555333,-13.764923431195047,-8.89612498349896,-12.685719413890777,-10.017385536144925,-10.30503474145701,2.71584658493917
0.005846548080444336,0.003229301834365755,0.002332735061645508,0.00048678596656035323,15,3,8,"{""modelo__max_depth"": 15, ""modelo__min_samples_leaf"": 3, ""modelo__min_samples_split"": 8}",-70.43402403413816,-50.120465891998286,-83.67457891158418,-20.78318435891169,-32.846624742717616,-51.57177558786999,23.182102240999413,201,-6.868670513483367,-17.350928747025364,-9.254318614972199,-15.59278606499,-11.525945813801652,-12.118529950854517,3.8875272180916314
0.0046711921691894535,0.0006308774843392585,0.002308082580566406,0.0006758609106217134,15,3,9,"{""modelo__max_depth"": 15, ""modelo__min_samples_leaf"": 3, ""modelo__min_samples_split"": 9}",-70.43402403413816,-49.68603059408618,-87.68100930140722,-21.893927334688374,-31.113332437664177,-52.16166474039683,24.334337619984296,219,-6.868670513483367,-17.95003477031236,-10.35782339237287,-15.724477348717315,-12.158106944989035,-12.611822593974988,3.910378369734304
0.004233312606811523,0.00026951473138116613,0.0020615100860595704,0.00027484368478756783,15,4,2,"{""modelo__max_depth"": 15, ""modelo__min_samples_leaf"": 4, ""modelo__min_samples_split"": 2}",-75.48130012568937,-29.698576391249453,-85.69250888239355,-33.55436546491702,-24.875613409256648,-49.860472854701214,25.444040577936498,39,-12.819271551079671,-18.89769376676906,-9.505811234993768,-18.481290914701887,-16.11993937561828,-15.164801368632533,3.560099904083927
0.0049800872802734375,0.00041938181827391166,0.0034635066986083984,0.002723923812535897,15,4,3,"{""modelo__max_depth"": 15, ""modelo__min_samples_leaf"": 4, ""modelo__min_samples_split"": 3}",-75.48130012568937,-29.698576391249453,-85.69250888239355,-33.55436546491702,-24.875613409256648,-49.860472854701214,25.444040577936498,39,-12.819271551079671,-18.89769376676906,-9.505811234993768,-18.481290914701887,-16.11993937561828,-15.164801368632533,3.560099904083927
0.005765151977539062,0.0017824311597743247,0.0021503925323486327,0.00024048343106694721,15,4,4,"{""modelo__max_depth"": 15, ""modelo__min_samples_leaf"": 4, ""modelo__min_samples_split"": 4}",-75.48130012568937,-29.698576391249453,-85.69250888239355,-33.55436546491702,-24.875613409256648,-49.860472854701214,25.444040577936498,39,-12.819271551079671,-18.89769376676906,-9.505811234993768,-18.481290914701887,-16.11993937561828,-15.164801368632533,3.560099904083927
0.005285120010375977,0.002773467043001578,0.0023299694061279298,0.00024204150816664526,15,4,5,"{""modelo__max_depth"": 15, ""modelo__min_samples_leaf"": 4, ""modelo__min_samples_split"": 5}",-75.48130012568937,-29.698576391249453,-85.69250888239355,-33.55436546491702,-24.875613409256648,-49.860472854701214,25.444040577936498,39,-12.819271551079671,-18.89769376676906,-9.505811234993768,-18.481290914701887,-16.11993937561828,-15.164801368632533,3.560099904083927
0.0065158367156982425,0.0029780483812213124,0.0021084308624267577,0.00010461122617340495,15,4,6,"{""modelo__max_depth"": 15, ""modelo__min_samples_leaf"": 4, ""modelo__min_samples_split"": 6}",-75.48130012568937,-29.698576391249453,-85.69250888239355,-33.55436546491702,-24.875613409256648,-49.860472854701214,25.444040577936498,39,-12.819271551079671,-18.89769376676906,-9.505811234993768,-18.481290914701887,-16.11993937561828,-15.164801368632533,3.560099904083927
0.005598974227905273,0.0018208745961203043,0.0021741390228271484,0.00016270170170982549,15,4,7,"{""modelo__max_depth"": 15, ""modelo__min_samples_leaf"": 4, ""modelo__min_samples_split"": 7}",-75.48130012568937,-29.698576391249453,-85.69250888239355,-33.55436546491702,-24.875613409256648,-49.860472854701214,25.444040577936498,39,-12.819271551079671,-18.89769376676906,-9.505811234993768,-18.481290914701887,-16.11993937561828,-15.164801368632533,3.560099904083927
0.005041980743408203,0.0010536510101443297,0.0032387733459472655,0.001682282363205856,15,4,8,"{""modelo__max_depth"": 15, ""modelo__min_samples_leaf"": 4, ""modelo__min_samples_split"": 8}",-75.48130012568937,-29.698576391249453,-85.69250888239355,-33.55436546491702,-24.875613409256648,-49.860472854701214,25.444040577936498,39,-12.819271551079671,-18.89769376676906,-9.505811234993768,-18.481290914701887,-16.11993937561828,-15.164801368632533,3.560099904083927
0.005182838439941407,0.0017064154970794078,0.0045867919921875,0.0037190862740951207,15,4,9,"{""modelo__max_depth"": 15, ""modelo__min_samples_leaf"": 4, ""modelo__min_samples_split"": 9}",-78.20168674710978,-29.757962566939852,-87.58626262591379,-34.72834800999018,-23.734419450789645,-50.80173588014865,26.599595963063496,169,-14.058053918111339,-19.735482701413016,-10.656597148706805,-19.381395902061907,-16.31552733305176,-16.029411400668966,3.40017676660094
0.007538509368896484,0.004981237084359811,0.0041544437408447266,0.002664442770344998,16,1,2,"{""modelo__max_depth"": 16, ""modelo__min_samples_leaf"": 1, ""modelo__min_samples_split"": 2}",-106.72009597613076,-61.37544437261766,-73.90282392277774,-65.30299217815657,-39.49546825544114,-69.35936494102478,21.856425672454268,551,-0.0,-0.0,-0.0,-0.0,-0.0,0.0,0.0
0.004826402664184571,0.0005954000515695386,0.0019646167755126955,0.00013355973019301136,16,1,3,"{""modelo__max_depth"": 16, ""modelo__min_samples_leaf"": 1, ""modelo__min_samples_split"": 3}",-96.27609367023221,-57.0358532248316,-72.35076585927192,-58.22447566320667,-41.40162149016703,-65.05776198154189,18.430572123201546,477,-0.765635950664042,-0.4051316814393868,-0.22951487047995675,-0.8393852645897566,-0.7777178702110227,-0.603477127476833,0.24145254405124986
0.0043544769287109375,0.0011204344893921102,0.0019738197326660155,0.0008496650173467092,16,1,4,"{""modelo__max_depth"": 16, ""modelo__min_samples_leaf"": 1, ""modelo__min_samples_split"": 4}",-97.6252296107372,-49.271897376144516,-72.09001907374811,-53.392959871573034,-39.635769596982286,-62.403175105837036,20.525093210952896,415,-1.6731802142704435,-1.6267986657322704,-1.0510139466216628,-1.8610758970265904,-1.3761943720771244,-1.5176526191456183,0.27992975064466763
0.005487060546875,0.0015154091990851998,0.0032511234283447267,0.001816898271027138,16,1,5,"{""modelo__max_depth"": 16, ""modelo__min_samples_leaf"": 1, ""modelo__min_samples_split"": 5}",-96.58465586235282,-79.50109784559423,-62.844183495545906,-55.691555341461374,-36.19375469963365,-66.16304944891759,20.601957963428863,521,-2.0419735090792894,-2.651070459484247,-2.839359595519408,-3.5865994982698437,-5.004875549112941,-3.2247757222931464,1.01748476482367
0.004717302322387695,0.0016292699715317778,0.0021656036376953127,0.0010912218325404355,16,1,6,"{""modelo__max_depth"": 16, ""modelo__min_samples_leaf"": 1, ""modelo__min_samples_split"": 6}",-99.18835181860926,-53.70313184604627,-85.76233734066703,-56.80642249014564,-37.54553346243789,-66.60115539158122,22.51933051553991,536,-2.276150709516252,-3.589839063189842,-6.419284657225337,-4.58264210126864,-6.19551742188292,-4.612686790616598,1.566886701331915
0.005378055572509766,0.0014132378948547135,0.0022464275360107424,0.00017852119643358907,16,1,7,"{""modelo__max_depth"": 16, ""modelo__min_samples_leaf"": 1, ""modelo__min_samples_split"": 7}",-100.58330620588929,-73.58682479075709,-81.46908801778166,-56.49754096574991,-37.54553346243789,-69.93645868852317,21.51898009311974,561,-3.3438877315329747,-6.352064050531172,-8.666266258302244,-4.963764535067455,-6.19551742188292,-5.904299999463353,1.7523741489230347
0.005910158157348633,0.000886151293352905,0.0021895885467529295,0.00024045548088167786,16,1,8,"{""modelo__max_depth"": 16, ""modelo__min_samples_leaf"": 1, ""modelo__min_samples_split"": 8}",-100.58330620588929,-67.73964789481029,-81.46908801778166,-46.07630895688091,-33.88792205112898,-65.95125462529822,23.94348037127582,506,-3.3438877315329747,-15.288381671622377,-8.666266258302244,-6.051035832534408,-7.704077699539648,-8.21072983870633,3.972601051808017
0.004440736770629883,0.000555079137484218,0.002434444427490234,0.000800227664278638,16,1,9,"{""modelo__max_depth"": 16, ""modelo__min_samples_leaf"": 1, ""modelo__min_samples_split"": 9}",-95.527436987333,-67.73964789481029,-85.4755184076047,-44.716016411536025,-34.652314811041,-65.622186902465,23.191219620798414,489,-4.095057603088391,-15.288381671622377,-9.769771035702913,-7.236161613212291,-8.288287638027326,-8.93553191233066,3.6821632522656094
0.005164241790771485,0.001081637502731618,0.002557373046875,0.0006119352447765718,16,2,2,"{""modelo__max_depth"": 16, ""modelo__min_samples_leaf"": 2, ""modelo__min_samples_split"": 2}",-98.58525852438468,-53.7742972113136,-91.29388972586038,-39.66106243251852,-39.59129683079701,-64.58116094497484,25.42495409311372,438,-1.7578312780622998,-7.2977953484259706,-3.321509725032457,-4.051210281838294,-1.6433151203248182,-3.6143323507367677,2.0579607492649457
0.006553268432617188,0.0032984561007317332,0.002834796905517578,0.000889166254114024,16,2,3,"{""modelo__max_depth"": 16, ""modelo__min_samples_leaf"": 2, ""modelo__min_samples_split"": 3}",-98.58525852438468,-53.7742972113136,-91.29388972586038,-39.66106243251852,-39.59129683079701,-64.58116094497484,25.42495409311372,438,-1.7578312780622998,-7.2977953484259706,-3.321509725032457,-4.051210281838294,-1.6433151203248182,-3.6143323507367677,2.0579607492649457
0.003981208801269532,0.0008933982184274483,0.002900981903076172,0.001980384615621222,16,2,4,"{""modelo__max_depth"": 16, ""modelo__min_samples_leaf"": 2, ""modelo__min_samples_split"": 4}",-98.58525852438468,-53.7742972113136,-91.29388972586038,-39.66106243251852,-39.59129683079701,-64.58116094497484,25.42495409311372,438,-1.7578312780622998,-7.2977953484259706,-3.321509725032457,-4.051210281838294,-1.6433151203248182,-3.6143323507367677,2.0579607492649457
0.004438209533691406,0.0010156148285632982,0.0022374629974365235,0.0006623837046291781,16,2,5,"{""modelo__max_depth"": 16, ""modelo__min_samples_leaf"": 2, ""modelo__min_samples_split"": 5}",-96.58465586235282,-56.25746249086361,-84.09106649842006,-37.27992224450527,-35.390441135592226,-61.92070964634679,24.642279965920387,402,-2.065923811774069,-7.816775987441091,-4.6495184291423355,-5.934328806313277,-6.121021582935624,-5.31751372352128,1.9126657971450503
0.005441188812255859,0.0017092633565154074,0.0023069858551025392,0.00020143835483920207,16,2,6,"{""modelo__max_depth"": 16, ""modelo__min_samples_leaf"": 2, ""modelo__min_samples_split"": 6}",-99.18835181860926,-47.157270498674315,-84.94402728700071,-36.43227745030991,-37.10706922780859,-60.965799256480565,26.068091994230727,386,-2.2865710598259126,-9.372549496203828,-6.85690344174094,-6.798126483229426,-7.324526514822509,-6.527735399164523,2.3193439253624266
0.004820775985717773,0.0007064647439457632,0.0031249523162841797,0.0014756138088997317,16,2,7,"{""modelo__max_depth"": 16, ""modelo__min_samples_leaf"": 2, ""modelo__min_samples_split"": 7}",-100.58330620588929,-46.9289478126811,-82.78613275480426,-35.56467076691461,-37.10706922780859,-60.59402535361958,26.29247899027424,371,-3.3438877315329747,-10.85643874246124,-8.797468549470855,-7.4349928448939515,-7.324526514822509,-7.551462876636306,2.4594369108688197
0.0045395374298095705,0.00020218769315514455,0.0031601905822753905,0.0016149596409200332,16,2,8,"{""modelo__max_depth"": 16, ""modelo__min_samples_leaf"": 2, ""modelo__min_samples_split"": 8}",-100.58330620588929,-52.64163643062229,-82.78613275480426,-20.726390671733704,-33.44945781649969,-58.03738477590984,29.8276599493076,350,-3.3438877315329747,-15.833547549399865,-8.797468549470855,-12.306098084271158,-8.833086792479238,-9.822817741430818,4.154587740690171
0.004582452774047852,0.0003784873549333318,0.0022413253784179686,0.0003651050731137433,16,2,9,"{""modelo__max_depth"": 16, ""modelo__min_samples_leaf"": 2, ""modelo__min_samples_split"": 9}",-95.527436987333,-52.64163643062229,-86.79256314462728,-19.813115282909106,-33.44945781649969,-57.64484193239828,29.41553629989614,335,-4.095057603088391,-15.833547549399865,-10.257144451636488,-13.395201495023533,-8.833086792479238,-10.482807578325502,4.017170865875998
0.004737377166748047,0.0006593466042136004,0.0021240711212158203,0.0003955406334752332,16,3,2,"{""modelo__max_depth"": 16, ""modelo__min_samples_leaf"": 3, ""modelo__min_samples_split"": 2}",-82.1675578987766,-42.85408223772989,-83.50350643748584,-28.169199767931666,-36.50423615402649,-54.639716499190094,23.492064617812556,262,-5.6584996199022655,-13.065273851267985,-6.955559875769047,-12.336157522336874,-10.017385536144925,-9.606575281084218,2.9050701947612843
0.0035883426666259766,0.0007154160415302026,0.0022562503814697265,0.0005644093572778898,16,3,3,"{""modelo__max_depth"": 16, ""modelo__min_samples_leaf"": 3, ""modelo__min_samples_split"": 3}",-82.1675578987766,-42.85408223772989,-83.50350643748584,-28.169199767931666,-36.50423615402649,-54.639716499190094,23.492064617812556,262,-5.6584996199022655,-13.065273851267985,-6.955559875769047,-12.336157522336874,-10.017385536144925,-9.606575281084218,2.9050701947612843
0.004430627822875977,0.001648384369027045,0.0024131298065185546,0.0012594015871372445,16,3,4,"{""modelo__max_depth"": 16, ""modelo__min_samples_leaf"": 3, ""modelo__min_samples_split"": 4}",-82.1675578987766,-42.85408223772989,-83.50350643748584,-28.169199767931666,-36.50423615402649,-54.639716499190094,23.492064617812556,262,-5.6584996199022655,-13.065273851267985,-6.955559875769047,-12.336157522336874,-10.017385536144925,-9.606575281084218,2.9050701947612843
0.004380416870117187,0.0014853873821622247,0.001653432846069336,0.0004617471278073101,16,3,5,"{""modelo__max_depth"": 16, ""modelo__min_samples_leaf"": 3, ""modelo__min_samples_split"": 5}",-82.1675578987766,-42.85408223772989,-83.50350643748584,-28.169199767931666,-36.50423615402649,-54.639716499190094,23.492064617812556,262,-5.6584996199022655,-13.065273851267985,-6.955559875769047,-12.336157522336874,-10.017385536144925,-9.606575281084218,2.9050701947612843
0.0041773319244384766,0.0006891318677760859,0.002043485641479492,0.00026567794352107455,16,3,6,"{""modelo__max_depth"": 16, ""modelo__min_samples_leaf"": 3, ""modelo__min_samples_split"": 6}",-82.1675578987766,-42.85408223772989,-83.50350643748584,-28.169199767931666,-36.50423615402649,-54.639716499190094,23.492064617812556,262,-5.6584996199022655,-13.065273851267985,-6.955559875769047,-12.336157522336874,-10.017385536144925,-9.606575281084218,2.9050701947612843
0.00411067008972168,0.00042434233010908056,0.0022783279418945312,0.0009758293787245633,16,3,7,"{""modelo__max_depth"": 16, ""modelo__min_samples_leaf"": 3, ""modelo__min_samples_split"": 7}",-81.0709612934678,-41.49652895959092,-83.67457891158418,-25.993855208026474,-36.50423615402649,-53.74803210533916,23.916031554394543,236,-6.161020342555333,-13.764923431195047,-8.89612498349896,-12.685719413890777,-10.017385536144925,-10.30503474145701,2.71584658493917
0.005235910415649414,0.0017427134696367686,0.0017802715301513672,0.0002681940065251333,16,3,8,"{""modelo__max_depth"": 16, ""modelo__min_samples_leaf"": 3, ""modelo__min_samples_split"": 8}",-70.43402403413816,-50.120465891998286,-83.67457891158418,-20.78318435891169,-32.846624742717616,-51.57177558786999,23.182102240999413,201,-6.868670513483367,-17.350928747025364,-9.254318614972199,-15.59278606499,-11.525945813801652,-12.118529950854517,3.8875272180916314
0.006270122528076172,0.004271448388452995,0.001890850067138672,0.0005789957646237784,16,3,9,"{""modelo__max_depth"": 16, ""modelo__min_samples_leaf"": 3, ""modelo__min_samples_split"": 9}",-70.43402403413816,-49.68603059408618,-87.68100930140722,-21.893927334688374,-31.113332437664177,-52.16166474039683,24.334337619984296,219,-6.868670513483367,-17.95003477031236,-10.35782339237287,-15.724477348717315,-12.158106944989035,-12.611822593974988,3.910378369734304
0.0062087059020996095,0.0028041412406760806,0.001954317092895508,0.00017182203563126863,16,4,2,"{""modelo__max_depth"": 16, ""modelo__min_samples_leaf"": 4, ""modelo__min_samples_split"": 2}",-75.48130012568937,-29.698576391249453,-85.69250888239355,-33.55436546491702,-24.875613409256648,-49.860472854701214,25.444040577936498,39,-12.819271551079671,-18.89769376676906,-9.505811234993768,-18.481290914701887,-16.11993937561828,-15.164801368632533,3.560099904083927
0.007333946228027344,0.003299612947139242,0.0022522449493408204,0.00023590347242656898,16,4,3,"{""modelo__max_depth"": 16, ""modelo__min_samples_leaf"": 4, ""modelo__min_samples_split"": 3}",-75.48130012568937,-29.698576391249453,-85.69250888239355,-33.55436546491702,-24.875613409256648,-49.860472854701214,25.444040577936498,39,-12.819271551079671,-18.89769376676906,-9.505811234993768,-18.481290914701887,-16.11993937561828,-15.164801368632533,3.560099904083927
0.006800937652587891,0.002121554494445603,0.002423667907714844,0.0007179045046875577,16,4,4,"{""modelo__max_depth"": 16, ""modelo__min_samples_leaf"": 4, ""modelo__min_samples_split"": 4}",-75.48130012568937,-29.698576391249453,-85.69250888239355,-33.55436546491702,-24.875613409256648,-49.860472854701214,25.444040577936498,39,-12.819271551079671,-18.89769376676906,-9.505811234993768,-18.481290914701887,-16.11993937561828,-15.164801368632533,3.560099904083927
0.008785104751586914,0.004994263304054017,0.0019847393035888673,0.0003472972858222625,16,4,5,"{""modelo__max_depth"": 16, ""modelo__min_samples_leaf"": 4, ""modelo__min_samples_split"": 5}",-75.48130012568937,-29.698576391249453,-85.69250888239355,-33.55436546491702,-24.875613409256648,-49.860472854701214,25.444040577936498,39,-12.819271551079671,-18.89769376676906,-9.505811234993768,-18.481290914701887,-16.11993937561828,-15.164801368632533,3.560099904083927
0.00583181381225586,0.002423653086015588,0.0028391361236572267,0.001778985462963221,16,4,6,"{""modelo__max_depth"": 16, ""modelo__min_samples_leaf"": 4, ""modelo__min_samples_split"": 6}",-75.48130012568937,-29.698576391249453,-85.69250888239355,-33.55436546491702,-24.875613409256648,-49.860472854701214,25.444040577936498,39,-12.819271551079671,-18.89769376676906,-9.505811234993768,-18.481290914701887,-16.11993937561828,-15.164801368632533,3.560099904083927
0.005364513397216797,0.0007157362055321067,0.002417135238647461,0.0008242335370761555,16,4,7,"{""modelo__max_depth"": 16, ""modelo__min_samples_leaf"": 4, ""modelo__min_samples_split"": 7}",-75.48130012568937,-29.698576391249453,-85.69250888239355,-33.55436546491702,-24.875613409256648,-49.860472854701214,25.444040577936498,39,-12.819271551079671,-18.89769376676906,-9.505811234993768,-18.481290914701887,-16.11993937561828,-15.164801368632533,3.560099904083927
0.005574512481689453,0.001235196183974923,0.0022446632385253905,0.0007228787687368832,16,4,8,"{""modelo__max_depth"": 16, ""modelo__min_samples_leaf"": 4, ""modelo__min_samples_split"": 8}",-75.48130012568937,-29.698576391249453,-85.69250888239355,-33.55436546491702,-24.875613409256648,-49.860472854701214,25.444040577936498,39,-12.819271551079671,-18.89769376676906,-9.505811234993768,-18.481290914701887,-16.11993937561828,-15.164801368632533,3.560099904083927
0.0059854984283447266,0.0012328541409962147,0.0022553443908691407,0.0004547855388397925,16,4,9,"{""modelo__max_depth"": 16, ""modelo__min_samples_leaf"": 4, ""modelo__min_samples_split"": 9}",-78.20168674710978,-29.757962566939852,-87.58626262591379,-34.72834800999018,-23.734419450789645,-50.80173588014865,26.599595963063496,169,-14.058053918111339,-19.735482701413016,-10.656597148706805,-19.381395902061907,-16.31552733305176,-16.029411400668966,3.40017676660094
0.0060539722442626955,0.0017534343381489816,0.00655674934387207,0.004848586986560848,17,1,2,"{""modelo__max_depth"": 17, ""modelo__min_samples_leaf"": 1, ""modelo__min_samples_split"": 2}",-106.72009597613076,-61.37544437261766,-73.90282392277774,-65.30299217815657,-39.49546825544114,-69.35936494102478,21.856425672454268,551,-0.0,-0.0,-0.0,-0.0,-0.0,0.0,0.0
0.00493931770324707,0.0009172827809002999,0.002429962158203125,0.00086874659429022,17,1,3,"{""modelo__max_depth"": 17, ""modelo__min_samples_leaf"": 1, ""modelo__min_samples_split"": 3}",-96.27609367023221,-57.0358532248316,-72.35076585927192,-58.22447566320667,-41.40162149016703,-65.05776198154189,18.430572123201546,477,-0.765635950664042,-0.4051316814393868,-0.22951487047995675,-0.8393852645897566,-0.7777178702110227,-0.603477127476833,0.24145254405124986
0.005779743194580078,0.0011129651805871735,0.002611398696899414,0.0006943272509332058,17,1,4,"{""modelo__max_depth"": 17, ""modelo__min_samples_leaf"": 1, ""modelo__min_samples_split"": 4}",-97.6252296107372,-49.271897376144516,-72.09001907374811,-53.392959871573034,-39.635769596982286,-62.403175105837036,20.525093210952896,415,-1.6731802142704435,-1.6267986657322704,-1.0510139466216628,-1.8610758970265904,-1.3761943720771244,-1.5176526191456183,0.27992975064466763
0.005448198318481446,0.0007525891667894105,0.002432107925415039,0.0005842842158952474,17,1,5,"{""modelo__max_depth"": 17, ""modelo__min_samples_leaf"": 1, ""modelo__min_samples_split"": 5}",-96.58465586235282,-79.50109784559423,-62.844183495545906,-55.691555341461374,-36.19375469963365,-66.16304944891759,20.601957963428863,521,-2.0419735090792894,-2.651070459484247,-2.839359595519408,-3.5865994982698437,-5.004875549112941,-3.2247757222931464,1.01748476482367
0.005033111572265625,0.0007459315268757255,0.0023315906524658202,0.0010499264562792046,17,1,6,"{""modelo__max_depth"": 17, ""modelo__min_samples_leaf"": 1, ""modelo__min_samples_split"": 6}",-99.18835181860926,-53.70313184604627,-85.76233734066703,-56.80642249014564,-37.54553346243789,-66.60115539158122,22.51933051553991,536,-2.276150709516252,-3.589839063189842,-6.419284657225337,-4.58264210126864,-6.19551742188292,-4.612686790616598,1.566886701331915
0.0048735618591308595,0.00036002684556500245,0.0025217533111572266,0.0012383254067473413,17,1,7,"{""modelo__max_depth"": 17, ""modelo__min_samples_leaf"": 1, ""modelo__min_samples_split"": 7}",-100.58330620588929,-73.58682479075709,-81.46908801778166,-56.49754096574991,-37.54553346243789,-69.93645868852317,21.51898009311974,561,-3.3438877315329747,-6.352064050531172,-8.666266258302244,-4.963764535067455,-6.19551742188292,-5.904299999463353,1.7523741489230347
0.00519719123840332,0.0013404822291856063,0.0025968074798583983,0.0010350302903593738,17,1,8,"{""modelo__max_depth"": 17, ""modelo__min_samples_leaf"": 1, ""modelo__min_samples_split"": 8}",-100.58330620588929,-67.73964789481029,-81.46908801778166,-46.07630895688091,-33.88792205112898,-65.95125462529822,23.94348037127582,506,-3.3438877315329747,-15.288381671622377,-8.666266258302244,-6.051035832534408,-7.704077699539648,-8.21072983870633,3.972601051808017
0.003972244262695312,0.0007482071495966345,0.0014811992645263673,0.00030114494340992043,17,1,9,"{""modelo__max_depth"": 17, ""modelo__min_samples_leaf"": 1, ""modelo__min_samples_split"": 9}",-95.527436987333,-67.73964789481029,-85.4755184076047,-44.716016411536025,-34.652314811041,-65.622186902465,23.191219620798414,489,-4.095057603088391,-15.288381671622377,-9.769771035702913,-7.236161613212291,-8.288287638027326,-8.93553191233066,3.6821632522656094
0.004638290405273438,0.0011181205313101543,0.002064418792724609,0.0005593304012131191,17,2,2,"{""modelo__max_depth"": 17, ""modelo__min_samples_leaf"": 2, ""modelo__min_samples_split"": 2}",-98.58525852438468,-53.7742972113136,-91.29388972586038,-39.66106243251852,-39.59129683079701,-64.58116094497484,25.42495409311372,438,-1.7578312780622998,-7.2977953484259706,-3.321509725032457,-4.051210281838294,-1.6433151203248182,-3.6143323507367677,2.0579607492649457
0.003215169906616211,0.0005323830944643901,0.0014762401580810547,0.0003325046535737642,17,2,3,"{""modelo__max_depth"": 17, ""modelo__min_samples_leaf"": 2, ""modelo__min_samples_split"": 3}",-98.58525852438468,-53.7742972113136,-91.29388972586038,-39.66106243251852,-39.59129683079701,-64.58116094497484,25.42495409311372,438,-1.7578312780622998,-7.2977953484259706,-3.321509725032457,-4.051210281838294,-1.6433151203248182,-3.6143323507367677,2.0579607492649457
0.0036808013916015624,0.0005720698794104826,0.0019527435302734374,0.0003202477759345468,17,2,4,"{""modelo__max_depth"": 17, ""modelo__min_samples_leaf"": 2, ""modelo__min_samples_split"": 4}",-98.58525852438468,-53.7742972113136,-91.29388972586038,-39.66106243251852,-39.59129683079701,-64.58116094497484,25.42495409311372,438,-1.7578312780622998,-7.2977953484259706,-3.321509725032457,-4.051210281838294,-1.6433151203248182,-3.6143323507367677,2.0579607492649457
0.00423126220703125,0.0003680732370888422,0.0021167755126953124,0.0002743703191074176,17,2,5,"{""modelo__max_depth"": 17, ""modelo__min_samples_leaf"": 2, ""modelo__min_samples_split"": 5}",-96.58465586235282,-56.25746249086361,-84.09106649842006,-37.27992224450527,-35.390441135592226,-61.92070964634679,24.642279965920387,402,-2.065923811774069,-7.816775987441091,-4.6495184291423355,-5.934328806313277,-6.121021582935624,-5.31751372352128,1.9126657971450503
0.00446629524230957,0.00036195989113405535,0.002180671691894531,0.0002107785615431054,17,2,6,"{""modelo__max_depth"": 17, ""modelo__min_samples_leaf"": 2, ""modelo__min_samples_split"": 6}",-99.18835181860926,-47.157270498674315,-84.94402728700071,-36.43227745030991,-37.10706922780859,-60.965799256480565,26.068091994230727,386,-2.2865710598259126,-9.372549496203828,-6.85690344174094,-6.798126483229426,-7.324526514822509,-6.527735399164523,2.3193439253624266
0.004245281219482422,0.00029099028113406094,0.0019524097442626953,0.00020333199724259816,17,2,7,"{""modelo__max_depth"": 17, ""modelo__min_samples_leaf"": 2, ""modelo__min_samples_split"": 7}",-100.58330620588929,-46.9289478126811,-82.78613275480426,-35.56467076691461,-37.10706922780859,-60.59402535361958,26.29247899027424,371,-3.3438877315329747,-10.85643874246124,-8.797468549470855,-7.4349928448939515,-7.324526514822509,-7.551462876636306,2.4594369108688197
0.004352998733520508,0.0007639620514111007,0.002080821990966797,0.00023827942602065795,17,2,8,"{""modelo__max_depth"": 17, ""modelo__min_samples_leaf"": 2, ""modelo__min_samples_split"": 8}",-100.58330620588929,-52.64163643062229,-82.78613275480426,-20.726390671733704,-33.44945781649969,-58.03738477590984,29.8276599493076,350,-3.3438877315329747,-15.833547549399865,-8.797468549470855,-12.306098084271158,-8.833086792479238,-9.822817741430818,4.154587740690171
0.004287862777709961,0.0008481085481200246,0.0016932010650634766,0.00034085103892112384,17,2,9,"{""modelo__max_depth"": 17, ""modelo__min_samples_leaf"": 2, ""modelo__min_samples_split"": 9}",-95.527436987333,-52.64163643062229,-86.79256314462728,-19.813115282909106,-33.44945781649969,-57.64484193239828,29.41553629989614,335,-4.095057603088391,-15.833547549399865,-10.257144451636488,-13.395201495023533,-8.833086792479238,-10.482807578325502,4.017170865875998
0.004971361160278321,0.000419684144581943,0.0020853519439697266,0.0001234119235235403,17,3,2,"{""modelo__max_depth"": 17, ""modelo__min_samples_leaf"": 3, ""modelo__min_samples_split"": 2}",-82.1675578987766,-42.85408223772989,-83.50350643748584,-28.169199767931666,-36.50423615402649,-54.639716499190094,23.492064617812556,262,-5.6584996199022655,-13.065273851267985,-6.955559875769047,-12.336157522336874,-10.017385536144925,-9.606575281084218,2.9050701947612843
0.004583978652954101,0.0003577691943353153,0.002300119400024414,0.00027582004796707766,17,3,3,"{""modelo__max_depth"": 17, ""modelo__min_samples_leaf"": 3, ""modelo__min_samples_split"": 3}",-82.1675578987766,-42.85408223772989,-83.50350643748584,-28.169199767931666,-36.50423615402649,-54.639716499190094,23.492064617812556,262,-5.6584996199022655,-13.065273851267985,-6.955559875769047,-12.336157522336874,-10.017385536144925,-9.606575281084218,2.9050701947612843
0.004353523254394531,0.0005391146932917356,0.002642965316772461,0.0015344895922852844,17,3,4,"{""modelo__max_depth"": 17, ""modelo__min_samples_leaf"": 3, ""modelo__min_samples_split"": 4}",-82.1675578987766,-42.85408223772989,-83.50350643748584,-28.169199767931666,-36.50423615402649,-54.639716499190094,23.492064617812556,262,-5.6584996199022655,-13.065273851267985,-6.955559875769047,-12.336157522336874,-10.017385536144925,-9.606575281084218,2.9050701947612843
0.004456710815429687,0.00026204565963792965,0.0021544933319091798,0.0002579301445379778,17,3,5,"{""modelo__max_depth"": 17, ""modelo__min_samples_leaf"": 3, ""modelo__min_samples_split"": 5}",-82.1675578987766,-42.85408223772989,-83.50350643748584,-28.169199767931666,-36.50423615402649,-54.639716499190094,23.492064617812556,262,-5.6584996199022655,-13.065273851267985,-6.955559875769047,-12.336157522336874,-10.017385536144925,-9.606575281084218,2.9050701947612843
0.004314899444580078,0.0005195996952287471,0.0019324302673339843,0.00010367227206819118,17,3,6,"{""modelo__max_depth"": 17, ""modelo__min_samples_leaf"": 3, ""modelo__min_samples_split"": 6}",-82.1675578987766,-42.85408223772989,-83.50350643748584,-28.169199767931666,-36.50423615402649,-54.639716499190094,23.492064617812556,262,-5.6584996199022655,-13.065273851267985,-6.955559875769047,-12.336157522336874,-10.017385536144925,-9.606575281084218,2.9050701947612843
0.004125642776489258,0.0003982429187590154,0.0020452499389648437,8.942261876754579e-05,17,3,7,"{""modelo__max_depth"": 17, ""modelo__min_samples_leaf"": 3, ""modelo__min_samples_split"": 7}",-81.0709612934678,-41.49652895959092,-83.67457891158418,-25.993855208026474,-36.50423615402649,-53.74803210533916,23.916031554394543,236,-6.161020342555333,-13.764923431195047,-8.89612498349896,-12.685719413890777,-10.017385536144925,-10.30503474145701,2.71584658493917
0.004514122009277343,0.00021133553034591459,0.0021448612213134767,0.00025250850368919054,17,3,8,"{""modelo__max_depth"": 17, ""modelo__min_samples_leaf"": 3, ""modelo__min_samples_split"": 8}",-70.43402403413816,-50.120465891998286,-83.67457891158418,-20.78318435891169,-32.846624742717616,-51.57177558786999,23.182102240999413,201,-6.868670513483367,-17.350928747025364,-9.254318614972199,-15.59278606499,-11.525945813801652,-12.118529950854517,3.8875272180916314
0.004606819152832032,0.000857615597813907,0.0020673274993896484,0.0003156178630459615,17,3,9,"{""modelo__max_depth"": 17, ""modelo__min_samples_leaf"": 3, ""modelo__min_samples_split"": 9}",-70.43402403413816,-49.68603059408618,-87.68100930140722,-21.893927334688374,-31.113332437664177,-52.16166474039683,24.334337619984296,219,-6.868670513483367,-17.95003477031236,-10.35782339237287,-15.724477348717315,-12.158106944989035,-12.611822593974988,3.910378369734304
0.004256916046142578,0.00039595176005652837,0.0019578933715820312,0.0001277224150027898,17,4,2,"{""modelo__max_depth"": 17, ""modelo__min_samples_leaf"": 4, ""modelo__min_samples_split"": 2}",-75.48130012568937,-29.698576391249453,-85.69250888239355,-33.55436546491702,-24.875613409256648,-49.860472854701214,25.444040577936498,39,-12.819271551079671,-18.89769376676906,-9.505811234993768,-18.481290914701887,-16.11993937561828,-15.164801368632533,3.560099904083927
0.00449824333190918,0.0007486639502919412,0.0019782066345214845,0.00019453877297580938,17,4,3,"{""modelo__max_depth"": 17, ""modelo__min_samples_leaf"": 4, ""modelo__min_samples_split"": 3}",-75.48130012568937,-29.698576391249453,-85.69250888239355,-33.55436546491702,-24.875613409256648,-49.860472854701214,25.444040577936498,39,-12.819271551079671,-18.89769376676906,-9.505811234993768,-18.481290914701887,-16.11993937561828,-15.164801368632533,3.560099904083927
0.004174137115478515,0.0005501162976883591,0.002026653289794922,0.00042895141720702246,17,4,4,"{""modelo__max_depth"": 17, ""modelo__min_samples_leaf"": 4, ""modelo__min_samples_split"": 4}",-75.48130012568937,-29.698576391249453,-85.69250888239355,-33.55436546491702,-24.875613409256648,-49.860472854701214,25.444040577936498,39,-12.819271551079671,-18.89769376676906,-9.505811234993768,-18.481290914701887,-16.11993937561828,-15.164801368632533,3.560099904083927
0.004244041442871094,0.0005267821984295048,0.0019026756286621093,0.00026879783042205874,17,4,5,"{""modelo__max_depth"": 17, ""modelo__min_samples_leaf"": 4, ""modelo__min_samples_split"": 5}",-75.48130012568937,-29.698576391249453,-85.69250888239355,-33.55436546491702,-24.875613409256648,-49.860472854701214,25.444040577936498,39,-12.819271551079671,-18.89769376676906,-9.505811234993768,-18.481290914701887,-16.11993937561828,-15.164801368632533,3.560099904083927
0.004349708557128906,0.00028369526811226507,0.0021634578704833986,0.00024895272108406565,17,4,6,"{""modelo__max_depth"": 17, ""modelo__min_samples_leaf"": 4, ""modelo__min_samples_split"": 6}",-75.48130012568937,-29.698576391249453,-85.69250888239355,-33.55436546491702,-24.875613409256648,-49.860472854701214,25.444040577936498,39,-12.819271551079671,-18.89769376676906,-9.505811234993768,-18.481290914701887,-16.11993937561828,-15.164801368632533,3.560099904083927
0.004301595687866211,0.0006531053607870653,0.0016706466674804687,0.0003318337294975265,17,4,7,"{""modelo__max_depth"": 17, ""modelo__min_samples_leaf"": 4, ""modelo__min_samples_split"": 7}",-75.48130012568937,-29.698576391249453,-85.69250888239355,-33.55436546491702,-24.875613409256648,-49.860472854701214,25.444040577936498,39,-12.819271551079671,-18.89769376676906,-9.505811234993768,-18.481290914701887,-16.11993937561828,-15.164801368632533,3.560099904083927
0.003696250915527344,0.0006314086435842519,0.001451587677001953,0.0002471473532888743,17,4,8,"{""modelo__max_depth"": 17, ""modelo__min_samples_leaf"": 4, ""modelo__min_samples_split"": 8}",-75.48130012568937,-29.698576391249453,-85.69250888239355,-33.55436546491702,-24.875613409256648,-49.860472854701214,25.444040577936498,39,-12.819271551079671,-18.89769376676906,-9.505811234993768,-18.481290914701887,-16.11993937561828,-15.164801368632533,3.560099904083927
0.0037416934967041014,0.000655590321585489,0.002536630630493164,0.001187479903307215,17,4,9,"{""modelo__max_depth"": 17, ""modelo__min_samples_leaf"": 4, ""modelo__min_samples_split"": 9}",-78.20168674710978,-29.757962566939852,-87.58626262591379,-34.72834800999018,-23.734419450789645,-50.80173588014865,26.599595963063496,169,-14.058053918111339,-19.735482701413016,-10.656597148706805,-19.381395902061907,-16.31552733305176,-16.029411400668966,3.40017676660094
0.003670930862426758,0.0005360214917997919,0.002290773391723633,0.0011544998411863387,18,1,2,"{""modelo__max_depth"": 18, ""modelo__min_samples_leaf"": 1, ""modelo__min_samples_split"": 2}",-106.72009597613076,-61.37544437261766,-73.90282392277774,-65.30299217815657,-39.49546825544114,-69.35936494102478,21.856425672454268,551,-0.0,-0.0,-0.0,-0.0,-0.0,0.0,0.0
0.004055404663085937,0.0006098020135932336,0.0023708343505859375,0.0005838040810378733,18,1,3,"{""modelo__max_depth"": 18, ""modelo__min_samples_leaf"": 1, ""modelo__min_samples_split"": 3}",-96.27609367023221,-57.0358532248316,-72.35076585927192,-58.22447566320667,-41.40162149016703,-65.05776198154189,18.430572123201546,477,-0.765635950664042,-0.4051316814393868,-0.22951487047995675,-0.8393852645897566,-0.7777178702110227,-0.603477127476833,0.24145254405124986
0.004228067398071289,0.00016947247429853254,0.0020155906677246094,0.0004460122301392578,18,1,4,"{""modelo__max_depth"": 18, ""modelo__min_samples_leaf"": 1, ""modelo__min_samples_split"": 4}",-97.6252296107372,-49.271897376144516,-72.09001907374811,-53.392959871573034,-39.635769596982286,-62.403175105837036,20.525093210952896,415,-1.6731802142704435,-1.6267986657322704,-1.0510139466216628,-1.8610758970265904,-1.3761943720771244,-1.5176526191456183,0.27992975064466763
0.003953695297241211,0.0006981270713598614,0.0017774105072021484,0.000324859605702283,18,1,5,"{""modelo__max_depth"": 18, ""modelo__min_samples_leaf"": 1, ""modelo__min_samples_split"": 5}",-96.58465586235282,-79.50109784559423,-62.844183495545906,-55.691555341461374,-36.19375469963365,-66.16304944891759,20.601957963428863,521,-2.0419735090792894,-2.651070459484247,-2.839359595519408,-3.5865994982698437,-5.004875549112941,-3.2247757222931464,1.01748476482367
0.0038414955139160155,0.0006529263945483601,0.001881551742553711,0.00019377604919416938,18,1,6,"{""modelo__max_depth"": 18, ""modelo__min_samples_leaf"": 1, ""modelo__min_samples_split"": 6}",-99.18835181860926,-53.70313184604627,-85.76233734066703,-56.80642249014564,-37.54553346243789,-66.60115539158122,22.51933051553991,536,-2.276150709516252,-3.589839063189842,-6.419284657225337,-4.58264210126864,-6.19551742188292,-4.612686790616598,1.566886701331915
0.004070425033569336,0.00019170482291130746,0.0018771171569824218,0.00020875260937897955,18,1,7,"{""modelo__max_depth"": 18, ""modelo__min_samples_leaf"": 1, ""modelo__min_samples_split"": 7}",-100.58330620588929,-73.58682479075709,-81.46908801778166,-56.49754096574991,-37.54553346243789,-69.93645868852317,21.51898009311974,561,-3.3438877315329747,-6.352064050531172,-8.666266258302244,-4.963764535067455,-6.19551742188292,-5.904299999463353,1.7523741489230347
0.004025506973266602,0.0008435236578802864,0.0018551349639892578,0.0005900027958195321,18,1,8,"{""modelo__max_depth"": 18, ""modelo__min_samples_leaf"": 1, ""modelo__min_samples_split"": 8}",-100.58330620588929,-67.73964789481029,-81.46908801778166,-46.07630895688091,-33.88792205112898,-65.95125462529822,23.94348037127582,506,-3.3438877315329747,-15.288381671622377,-8.666266258302244,-6.051035832534408,-7.704077699539648,-8.21072983870633,3.972601051808017
0.0035990238189697265,0.0006920948719817122,0.0017520904541015625,0.00044384453496213176,18,1,9,"{""modelo__max_depth"": 18, ""modelo__min_samples_leaf"": 1, ""modelo__min_samples_split"": 9}",-95.527436987333,-67.73964789481029,-85.4755184076047,-44.716016411536025,-34.652314811041,-65.622186902465,23.191219620798414,489,-4.095057603088391,-15.288381671622377,-9.769771035702913,-7.236161613212291,-8.288287638027326,-8.93553191233066,3.6821632522656094
0.004648256301879883,0.0009655835939811123,0.001983165740966797,0.00018883985662103344,18,2,2,"{""modelo__max_depth"": 18, ""modelo__min_samples_leaf"": 2, ""modelo__min_samples_split"": 2}",-98.58525852438468,-53.7742972113136,-91.29388972586038,-39.66106243251852,-39.59129683079701,-64.58116094497484,25.42495409311372,438,-1.7578312780622998,-7.2977953484259706,-3.321509725032457,-4.051210281838294,-1.6433151203248182,-3.6143323507367677,2.0579607492649457
0.004680442810058594,0.00031847822789052543,0.0023995399475097655,0.00024118683656350136,18,2,3,"{""modelo__max_depth"": 18, ""modelo__min_samples_leaf"": 2, ""modelo__min_samples_split"": 3}",-98.58525852438468,-53.7742972113136,-91.29388972586038,-39.66106243251852,-39.59129683079701,-64.58116094497484,25.42495409311372,438,-1.7578312780622998,-7.2977953484259706,-3.321509725032457,-4.051210281838294,-1.6433151203248182,-3.6143323507367677,2.0579607492649457
0.004363155364990235,0.0005238332272330297,0.002203702926635742,0.00024293353396645246,18,2,4,"{""modelo__max_depth"": 18, ""modelo__min_samples_leaf"": 2, ""modelo__min_samples_split"": 4}",-98.58525852438468,-53.7742972113136,-91.29388972586038,-39.66106243251852,-39.59129683079701,-64.58116094497484,25.42495409311372,438,-1.7578312780622998,-7.2977953484259706,-3.321509725032457,-4.051210281838294,-1.6433151203248182,-3.6143323507367677,2.0579607492649457
0.0048275947570800785,0.000326573881578174,0.0023468017578125,0.0004255289403056198,18,2,5,"{""modelo__max_depth"": 18, ""modelo__min_samples_leaf"": 2, ""modelo__min_samples_split"": 5}",-96.58465586235282,-56.25746249086361,-84.09106649842006,-37.27992224450527,-35.390441135592226,-61.92070964634679,24.642279965920387,402,-2.065923811774069,-7.816775987441091,-4.6495184291423355,-5.934328806313277,-6.121021582935624,-5.31751372352128,1.9126657971450503
0.004601621627807617,0.0005810803543397925,0.0020137786865234374,7.568723122830886e-05,18,2,6,"{""modelo__max_depth"": 18, ""modelo__min_samples_leaf"": 2, ""modelo__min_samples_split"": 6}",-99.18835181860926,-47.157270498674315,-84.94402728700071,-36.43227745030991,-37.10706922780859,-60.965799256480565,26.068091994230727,386,-2.2865710598259126,-9.372549496203828,-6.85690344174094,-6.798126483229426,-7.324526514822509,-6.527735399164523,2.3193439253624266
0.004096317291259766,0.0006139950928379878,0.001940155029296875,7.211562596782296e-05,18,2,7,"{""modelo__max_depth"": 18, ""modelo__min_samples_leaf"": 2, ""modelo__min_samples_split"": 7}",-100.58330620588929,-46.9289478126811,-82.78613275480426,-35.56467076691461,-37.10706922780859,-60.59402535361958,26.29247899027424,371,-3.3438877315329747,-10.85643874246124,-8.797468549470855,-7.4349928448939515,-7.324526514822509,-7.551462876636306,2.4594369108688197
0.004050636291503906,0.00041235584976310346,0.0018291473388671875,0.0003596497285047356,18,2,8,"{""modelo__max_depth"": 18, ""modelo__min_samples_leaf"": 2, ""modelo__min_samples_split"": 8}",-100.58330620588929,-52.64163643062229,-82.78613275480426,-20.726390671733704,-33.44945781649969,-58.03738477590984,29.8276599493076,350,-3.3438877315329747,-15.833547549399865,-8.797468549470855,-12.306098084271158,-8.833086792479238,-9.822817741430818,4.154587740690171
0.004015779495239258,0.00020815799516634133,0.001925182342529297,0.00016739574731833255,18,2,9,"{""modelo__max_depth"": 18, ""modelo__min_samples_leaf"": 2, ""modelo__min_samples_split"": 9}",-95.527436987333,-52.64163643062229,-86.79256314462728,-19.813115282909106,-33.44945781649969,-57.64484193239828,29.41553629989614,335,-4.095057603088391,-15.833547549399865,-10.257144451636488,-13.395201495023533,-8.833086792479238,-10.482807578325502,4.017170865875998
0.0037741661071777344,0.0009061130014355067,0.001856517791748047,0.00037326532537298426,18,3,2,"{""modelo__max_depth"": 18, ""modelo__min_samples_leaf"": 3, ""modelo__min_samples_split"": 2}",-82.1675578987766,-42.85408223772989,-83.50350643748584,-28.169199767931666,-36.50423615402649,-54.639716499190094,23.492064617812556,262,-5.6584996199022655,-13.065273851267985,-6.955559875769047,-12.336157522336874,-10.017385536144925,-9.606575281084218,2.9050701947612843
0.004683351516723633,0.0007270852578666792,0.001832866668701172,0.00029682094679064333,18,3,3,"{""modelo__max_depth"": 18, ""modelo__min_samples_leaf"": 3, ""modelo__min_samples_split"": 3}",-82.1675578987766,-42.85408223772989,-83.50350643748584,-28.169199767931666,-36.50423615402649,-54.639716499190094,23.492064617812556,262,-5.6584996199022655,-13.065273851267985,-6.955559875769047,-12.336157522336874,-10.017385536144925,-9.606575281084218,2.9050701947612843
0.003949260711669922,0.0007684322546595611,0.00181884765625,0.00027860568910834473,18,3,4,"{""modelo__max_depth"": 18, ""modelo__min_samples_leaf"": 3, ""modelo__min_samples_split"": 4}",-82.1675578987766,-42.85408223772989,-83.50350643748584,-28.169199767931666,-36.50423615402649,-54.639716499190094,23.492064617812556,262,-5.6584996199022655,-13.065273851267985,-6.955559875769047,-12.336157522336874,-10.017385536144925,-9.606575281084218,2.9050701947612843
0.003906726837158203,0.000756563305299099,0.0017460346221923827,0.00035107407706459103,18,3,5,"{""modelo__max_depth"": 18, ""modelo__min_samples_leaf"": 3, ""modelo__min_samples_split"": 5}",-82.1675578987766,-42.85408223772989,-83.50350643748584,-28.169199767931666,-36.50423615402649,-54.639716499190094,23.492064617812556,262,-5.6584996199022655,-13.065273851267985,-6.955559875769047,-12.336157522336874,-10.017385536144925,-9.606575281084218,2.9050701947612843
0.004569625854492188,0.0005056303430920747,0.0022731304168701174,0.00041711343428377234,18,3,6,"{""modelo__max_depth"": 18, ""modelo__min_samples_leaf"": 3, ""modelo__min_samples_split"": 6}",-82.1675578987766,-42.85408223772989,-83.50350643748584,-28.169199767931666,-36.50423615402649,-54.639716499190094,23.492064617812556,262,-5.6584996199022655,-13.065273851267985,-6.955559875769047,-12.336157522336874,-10.017385536144925,-9.606575281084218,2.9050701947612843
0.00414571762084961,0.0003745649999483707,0.001955747604370117,0.00012774831454113303,18,3,7,"{""modelo__max_depth"": 18, ""modelo__min_samples_leaf"": 3, ""modelo__min_samples_split"": 7}",-81.0709612934678,-41.49652895959092,-83.67457891158418,-25.993855208026474,-36.50423615402649,-53.74803210533916,23.916031554394543,236,-6.161020342555333,-13.764923431195047,-8.89612498349896,-12.685719413890777,-10.017385536144925,-10.30503474145701,2.71584658493917
0.004647970199584961,0.001784326831392207,0.0018468856811523437,0.0003201400518802579,18,3,8,"{""modelo__max_depth"": 18, ""modelo__min_samples_leaf"": 3, ""modelo__min_samples_split"": 8}",-70.43402403413816,-50.120465891998286,-83.67457891158418,-20.78318435891169,-32.846624742717616,-51.57177558786999,23.182102240999413,201,-6.868670513483367,-17.350928747025364,-9.254318614972199,-15.59278606499,-11.525945813801652,-12.118529950854517,3.8875272180916314
0.004704046249389649,0.0009952274439818918,0.002196502685546875,0.0002176586605777973,18,3,9,"{""modelo__max_depth"": 18, ""modelo__min_samples_leaf"": 3, ""modelo__min_samples_split"": 9}",-70.43402403413816,-49.68603059408618,-87.68100930140722,-21.893927334688374,-31.113332437664177,-52.16166474039683,24.334337619984296,219,-6.868670513483367,-17.95003477031236,-10.35782339237287,-15.724477348717315,-12.158106944989035,-12.611822593974988,3.910378369734304
0.0048506736755371095,0.0005700617522511813,0.00264124870300293,0.001595076632680771,18,4,2,"{""modelo__max_depth"": 18, ""modelo__min_samples_leaf"": 4, ""modelo__min_samples_split"": 2}",-75.48130012568937,-29.698576391249453,-85.69250888239355,-33.55436546491702,-24.875613409256648,-49.860472854701214,25.444040577936498,39,-12.819271551079671,-18.89769376676906,-9.505811234993768,-18.481290914701887,-16.11993937561828,-15.164801368632533,3.560099904083927
0.005292940139770508,0.0010277888233453957,0.0020603656768798826,6.744328532049229e-05,18,4,3,"{""modelo__max_depth"": 18, ""modelo__min_samples_leaf"": 4, ""modelo__min_samples_split"": 3}",-75.48130012568937,-29.698576391249453,-85.69250888239355,-33.55436546491702,-24.875613409256648,-49.860472854701214,25.444040577936498,39,-12.819271551079671,-18.89769376676906,-9.505811234993768,-18.481290914701887,-16.11993937561828,-15.164801368632533,3.560099904083927
0.004901981353759766,0.0005964914301196791,0.0023496150970458984,0.0007337675795403758,18,4,4,"{""modelo__max_depth"": 18, ""modelo__min_samples_leaf"": 4, ""modelo__min_samples_split"": 4}",-75.48130012568937,-29.698576391249453,-85.69250888239355,-33.55436546491702,-24.875613409256648,-49.860472854701214,25.444040577936498,39,-12.819271551079671,-18.89769376676906,-9.505811234993768,-18.481290914701887,-16.11993937561828,-15.164801368632533,3.560099904083927
0.0068245410919189455,0.003575906509742805,0.002190399169921875,7.719615116467069e-05,18,4,5,"{""modelo__max_depth"": 18, ""modelo__min_samples_leaf"": 4, ""modelo__min_samples_split"": 5}",-75.48130012568937,-29.698576391249453,-85.69250888239355,-33.55436546491702,-24.875613409256648,-49.860472854701214,25.444040577936498,39,-12.819271551079671,-18.89769376676906,-9.505811234993768,-18.481290914701887,-16.11993937561828,-15.164801368632533,3.560099904083927
0.004726839065551758,0.0002969868148292486,0.002088451385498047,0.00016851600576976388,18,4,6,"{""modelo__max_depth"": 18, ""modelo__min_samples_leaf"": 4, ""modelo__min_samples_split"": 6}",-75.48130012568937,-29.698576391249453,-85.69250888239355,-33.55436546491702,-24.875613409256648,-49.860472854701214,25.444040577936498,39,-12.819271551079671,-18.89769376676906,-9.505811234993768,-18.481290914701887,-16.11993937561828,-15.164801368632533,3.560099904083927
0.005333375930786133,0.0012911100965454665,0.0022577762603759764,0.0002792706803307301,18,4,7,"{""modelo__max_depth"": 18, ""modelo__min_samples_leaf"": 4, ""modelo__min_samples_split"": 7}",-75.48130012568937,-29.698576391249453,-85.69250888239355,-33.55436546491702,-24.875613409256648,-49.860472854701214,25.444040577936498,39,-12.819271551079671,-18.89769376676906,-9.505811234993768,-18.481290914701887,-16.11993937561828,-15.164801368632533,3.560099904083927
0.005322742462158203,0.0011735250519088953,0.0022623538970947266,0.000539595826220523,18,4,8,"{""modelo__max_depth"": 18, ""modelo__min_samples_leaf"": 4, ""modelo__min_samples_split"": 8}",-75.48130012568937,-29.698576391249453,-85.69250888239355,-33.55436546491702,-24.875613409256648,-49.860472854701214,25.444040577936498,39,-12.819271551079671,-18.89769376676906,-9.505811234993768,-18.481290914701887,-16.11993937561828,-15.164801368632533,3.560099904083927
0.0076849937438964845,0.0037237305355886105,0.0025891780853271483,0.00044582645876108085,18,4,9,"{""modelo__max_depth"": 18, ""modelo__min_samples_leaf"": 4, ""modelo__min_samples_split"": 9}",-78.20168674710978,-29.757962566939852,-87.58626262591379,-34.72834800999018,-23.734419450789645,-50.80173588014865,26.599595963063496,169,-14.058053918111339,-19.735482701413016,-10.656597148706805,-19.381395902061907,-16.31552733305176,-16.029411400668966,3.40017676660094
0.00492243766784668,0.0005569479930847602,0.0027877330780029298,0.0006823003329313538,19,1,2,"{""modelo__max_depth"": 19, ""modelo__min_samples_leaf"": 1, ""modelo__min_samples_split"": 2}",-106.72009597613076,-61.37544437261766,-73.90282392277774,-65.30299217815657,-39.49546825544114,-69.35936494102478,21.856425672454268,551,-0.0,-0.0,-0.0,-0.0,-0.0,0.0,0.0
0.004882383346557617,0.0012649553478543132,0.0019121646881103515,0.0002597464841173727,19,1,3,"{""modelo__max_depth"": 19, ""modelo__min_samples_leaf"": 1, ""modelo__min_samples_split"": 3}",-96.27609367023221,-57.0358532248316,-72.35076585927192,-58.22447566320667,-41.40162149016703,-65.05776198154189,18.430572123201546,477,-0.765635950664042,-0.4051316814393868,-0.22951487047995675,-0.8393852645897566,-0.7777178702110227,-0.603477127476833,0.24145254405124986
0.004753971099853515,0.00028573921530229154,0.0024396896362304686,0.00019996184280485603,19,1,4,"{""modelo__max_depth"": 19, ""modelo__min_samples_leaf"": 1, ""modelo__min_samples_split"": 4}",-97.6252296107372,-49.271897376144516,-72.09001907374811,-53.392959871573034,-39.635769596982286,-62.403175105837036,20.525093210952896,415,-1.6731802142704435,-1.6267986657322704,-1.0510139466216628,-1.8610758970265904,-1.3761943720771244,-1.5176526191456183,0.27992975064466763
0.0043469429016113285,0.00034652719855674566,0.0017461776733398438,0.000325320277203411,19,1,5,"{""modelo__max_depth"": 19, ""modelo__min_samples_leaf"": 1, ""modelo__min_samples_split"": 5}",-96.58465586235282,-79.50109784559423,-62.844183495545906,-55.691555341461374,-36.19375469963365,-66.16304944891759,20.601957963428863,521,-2.0419735090792894,-2.651070459484247,-2.839359595519408,-3.5865994982698437,-5.004875549112941,-3.2247757222931464,1.01748476482367
0.004182195663452149,0.0008348198762902187,0.001930093765258789,0.0003692944666695643,19,1,6,"{""modelo__max_depth"": 19, ""modelo__min_samples_leaf"": 1, ""modelo__min_samples_split"": 6}",-99.18835181860926,-53.70313184604627,-85.76233734066703,-56.80642249014564,-37.54553346243789,-66.60115539158122,22.51933051553991,536,-2.276150709516252,-3.589839063189842,-6.419284657225337,-4.58264210126864,-6.19551742188292,-4.612686790616598,1.566886701331915
0.004773616790771484,0.0008965932834026302,0.004096317291259766,0.004193498969977514,19,1,7,"{""modelo__max_depth"": 19, ""modelo__min_samples_leaf"": 1, ""modelo__min_samples_split"": 7}",-100.58330620588929,-73.58682479075709,-81.46908801778166,-56.49754096574991,-37.54553346243789,-69.93645868852317,21.51898009311974,561,-3.3438877315329747,-6.352064050531172,-8.666266258302244,-4.963764535067455,-6.19551742188292,-5.904299999463353,1.7523741489230347
0.004393577575683594,0.0005194560570454887,0.0025080204010009765,0.0011604485229858212,19,1,8,"{""modelo__max_depth"": 19, ""modelo__min_samples_leaf"": 1, ""modelo__min_samples_split"": 8}",-100.58330620588929,-67.73964789481029,-81.46908801778166,-46.07630895688091,-33.88792205112898,-65.95125462529822,23.94348037127582,506,-3.3438877315329747,-15.288381671622377,-8.666266258302244,-6.051035832534408,-7.704077699539648,-8.21072983870633,3.972601051808017
0.0033651351928710937,0.0007970860284389325,0.0015207290649414062,0.00047420765175070997,19,1,9,"{""modelo__max_depth"": 19, ""modelo__min_samples_leaf"": 1, ""modelo__min_samples_split"": 9}",-95.527436987333,-67.73964789481029,-85.4755184076047,-44.716016411536025,-34.652314811041,-65.622186902465,23.191219620798414,489,-4.095057603088391,-15.288381671622377,-9.769771035702913,-7.236161613212291,-8.288287638027326,-8.93553191233066,3.6821632522656094
0.004342126846313477,0.00023241399199552053,0.0020717620849609376,0.00048630568081989056,19,2,2,"{""modelo__max_depth"": 19, ""modelo__min_samples_leaf"": 2, ""modelo__min_samples_split"": 2}",-98.58525852438468,-53.7742972113136,-91.29388972586038,-39.66106243251852,-39.59129683079701,-64.58116094497484,25.42495409311372,438,-1.7578312780622998,-7.2977953484259706,-3.321509725032457,-4.051210281838294,-1.6433151203248182,-3.6143323507367677,2.0579607492649457
0.004354000091552734,0.0007903146875972647,0.0018550872802734375,0.0003660093872933394,19,2,3,"{""modelo__max_depth"": 19, ""modelo__min_samples_leaf"": 2, ""modelo__min_samples_split"": 3}",-98.58525852438468,-53.7742972113136,-91.29388972586038,-39.66106243251852,-39.59129683079701,-64.58116094497484,25.42495409311372,438,-1.7578312780622998,-7.2977953484259706,-3.321509725032457,-4.051210281838294,-1.6433151203248182,-3.6143323507367677,2.0579607492649457
0.0038064956665039063,0.0010422486726045616,0.0018520832061767578,0.0004116591111051516,19,2,4,"{""modelo__max_depth"": 19, ""modelo__min_samples_leaf"": 2, ""modelo__min_samples_split"": 4}",-98.58525852438468,-53.7742972113136,-91.29388972586038,-39.66106243251852,-39.59129683079701,-64.58116094497484,25.42495409311372,438,-1.7578312780622998,-7.2977953484259706,-3.321509725032457,-4.051210281838294,-1.6433151203248182,-3.6143323507367677,2.0579607492649457
0.004083967208862305,0.000769917429926179,0.001830291748046875,0.0004648885327427875,19,2,5,"{""modelo__max_depth"": 19, ""modelo__min_samples_leaf"": 2, ""modelo__min_samples_split"": 5}",-96.58465586235282,-56.25746249086361,-84.09106649842006,-37.27992224450527,-35.390441135592226,-61.92070964634679,24.642279965920387,402,-2.065923811774069,-7.816775987441091,-4.6495184291423355,-5.934328806313277,-6.121021582935624,-5.31751372352128,1.9126657971450503
0.0043465614318847655,0.0002809484880352688,0.0020906925201416016,0.00019921061487730116,19,2,6,"{""modelo__max_depth"": 19, ""modelo__min_samples_leaf"": 2, ""modelo__min_samples_split"": 6}",-99.18835181860926,-47.157270498674315,-84.94402728700071,-36.43227745030991,-37.10706922780859,-60.965799256480565,26.068091994230727,386,-2.2865710598259126,-9.372549496203828,-6.85690344174094,-6.798126483229426,-7.324526514822509,-6.527735399164523,2.3193439253624266
0.003954696655273438,0.0003590451259623747,0.0018636703491210938,0.00035391149414275915,19,2,7,"{""modelo__max_depth"": 19, ""modelo__min_samples_leaf"": 2, ""modelo__min_samples_split"": 7}",-100.58330620588929,-46.9289478126811,-82.78613275480426,-35.56467076691461,-37.10706922780859,-60.59402535361958,26.29247899027424,371,-3.3438877315329747,-10.85643874246124,-8.797468549470855,-7.4349928448939515,-7.324526514822509,-7.551462876636306,2.4594369108688197
0.004050111770629883,0.0007576190780364658,0.00205841064453125,0.00018878377542713167,19,2,8,"{""modelo__max_depth"": 19, ""modelo__min_samples_leaf"": 2, ""modelo__min_samples_split"": 8}",-100.58330620588929,-52.64163643062229,-82.78613275480426,-20.726390671733704,-33.44945781649969,-58.03738477590984,29.8276599493076,350,-3.3438877315329747,-15.833547549399865,-8.797468549470855,-12.306098084271158,-8.833086792479238,-9.822817741430818,4.154587740690171
0.0035320281982421874,0.0007014914716171621,0.0015239238739013672,0.0003524883805959043,19,2,9,"{""modelo__max_depth"": 19, ""modelo__min_samples_leaf"": 2, ""modelo__min_samples_split"": 9}",-95.527436987333,-52.64163643062229,-86.79256314462728,-19.813115282909106,-33.44945781649969,-57.64484193239828,29.41553629989614,335,-4.095057603088391,-15.833547549399865,-10.257144451636488,-13.395201495023533,-8.833086792479238,-10.482807578325502,4.017170865875998
0.0030957698822021485,0.0005134129973685626,0.00128021240234375,0.00037968784443895835,19,3,2,"{""modelo__max_depth"": 19, ""modelo__min_samples_leaf"": 3, ""modelo__min_samples_split"": 2}",-82.1675578987766,-42.85408223772989,-83.50350643748584,-28.169199767931666,-36.50423615402649,-54.639716499190094,23.492064617812556,262,-5.6584996199022655,-13.065273851267985,-6.955559875769047,-12.336157522336874,-10.017385536144925,-9.606575281084218,2.9050701947612843
0.003623485565185547,0.0006726201300655858,0.0014208316802978515,0.00047588966170679505,19,3,3,"{""modelo__max_depth"": 19, ""modelo__min_samples_leaf"": 3, ""modelo__min_samples_split"": 3}",-82.1675578987766,-42.85408223772989,-83.50350643748584,-28.169199767931666,-36.50423615402649,-54.639716499190094,23.492064617812556,262,-5.6584996199022655,-13.065273851267985,-6.955559875769047,-12.336157522336874,-10.017385536144925,-9.606575281084218,2.9050701947612843
0.0035028457641601562,0.00043331116372309826,0.0016020774841308595,0.00034668332698457996,19,3,4,"{""modelo__max_depth"": 19, ""modelo__min_samples_leaf"": 3, ""modelo__min_samples_split"": 4}",-82.1675578987766,-42.85408223772989,-83.50350643748584,-28.169199767931666,-36.50423615402649,-54.639716499190094,23.492064617812556,262,-5.6584996199022655,-13.065273851267985,-6.955559875769047,-12.336157522336874,-10.017385536144925,-9.606575281084218,2.9050701947612843
0.0031903743743896484,0.0005658826196038222,0.001476144790649414,0.000520508911333671,19,3,5,"{""modelo__max_depth"": 19, ""modelo__min_samples_leaf"": 3, ""modelo__min_samples_split"": 5}",-82.1675578987766,-42.85408223772989,-83.50350643748584,-28.169199767931666,-36.50423615402649,-54.639716499190094,23.492064617812556,262,-5.6584996199022655,-13.065273851267985,-6.955559875769047,-12.336157522336874,-10.017385536144925,-9.606575281084218,2.9050701947612843
0.0036709785461425783,0.0005300019466220171,0.0015061378479003906,0.0003209725969199298,19,3,6,"{""modelo__max_depth"": 19, ""modelo__min_samples_leaf"": 3, ""modelo__min_samples_split"": 6}",-82.1675578987766,-42.85408223772989,-83.50350643748584,-28.169199767931666,-36.50423615402649,-54.639716499190094,23.492064617812556,262,-5.6584996199022655,-13.065273851267985,-6.955559875769047,-12.336157522336874,-10.017385536144925,-9.606575281084218,2.9050701947612843
0.002990913391113281,0.0001550205888376934,0.0013260364532470704,0.00017482396685367102,19,3,7,"{""modelo__max_depth"": 19, ""modelo__min_samples_leaf"": 3, ""modelo__min_samples_split"": 7}",-81.0709612934678,-41.49652895959092,-83.67457891158418,-25.993855208026474,-36.50423615402649,-53.74803210533916,23.916031554394543,236,-6.161020342555333,-13.764923431195047,-8.89612498349896,-12.685719413890777,-10.017385536144925,-10.30503474145701,2.71584658493917
0.0033179759979248048,0.0003658620717393702,0.001623678207397461,0.0005673139384291426,19,3,8,"{""modelo__max_depth"": 19, ""modelo__min_samples_leaf"": 3, ""modelo__min_samples_split"": 8}",-70.43402403413816,-50.120465891998286,-83.67457891158418,-20.78318435891169,-32.846624742717616,-51.57177558786999,23.182102240999413,201,-6.868670513483367,-17.350928747025364,-9.254318614972199,-15.59278606499,-11.525945813801652,-12.118529950854517,3.8875272180916314
0.003522443771362305,0.0007658593124314839,0.0015425682067871094,0.00039155558082761303,19,3,9,"{""modelo__max_depth"": 19, ""modelo__min_samples_leaf"": 3, ""modelo__min_samples_split"": 9}",-70.43402403413816,-49.68603059408618,-87.68100930140722,-21.893927334688374,-31.113332437664177,-52.16166474039683,24.334337619984296,219,-6.868670513483367,-17.95003477031236,-10.35782339237287,-15.724477348717315,-12.158106944989035,-12.611822593974988,3.910378369734304
0.0042324066162109375,0.0005846716799245598,0.0015591621398925782,0.0004729403676429596,19,4,2,"{""modelo__max_depth"": 19, ""modelo__min_samples_leaf"": 4, ""modelo__min_samples_split"": 2}",-75.48130012568937,-29.698576391249453,-85.69250888239355,-33.55436546491702,-24.875613409256648,-49.860472854701214,25.444040577936498,39,-12.819271551079671,-18.89769376676906,-9.505811234993768,-18.481290914701887,-16.11993937561828,-15.164801368632533,3.560099904083927
0.0028719425201416014,9.337189951642082e-05,0.0012033462524414062,0.00011286992383193161,19,4,3,"{""modelo__max_depth"": 19, ""modelo__min_samples_leaf"": 4, ""modelo__min_samples_split"": 3}",-75.48130012568937,-29.698576391249453,-85.69250888239355,-33.55436546491702,-24.875613409256648,-49.860472854701214,25.444040577936498,39,-12.819271551079671,-18.89769376676906,-9.505811234993768,-18.481290914701887,-16.11993937561828,-15.164801368632533,3.560099904083927
0.004103946685791016,0.000839259913957641,0.0019341468811035155,0.0003749239795698255,19,4,4,"{""modelo__max_depth"": 19, ""modelo__min_samples_leaf"": 4, ""modelo__min_samples_split"": 4}",-75.48130012568937,-29.698576391249453,-85.69250888239355,-33.55436546491702,-24.875613409256648,-49.860472854701214,25.444040577936498,39,-12.819271551079671,-18.89769376676906,-9.505811234993768,-18.481290914701887,-16.11993937561828,-15.164801368632533,3.560099904083927
0.0031492233276367186,0.0006318298444445384,0.001210641860961914,0.00026132979430727434,19,4,5,"{""modelo__max_depth"": 19, ""modelo__min_samples_leaf"": 4, ""modelo__min_samples_split"": 5}",-75.48130012568937,-29.698576391249453,-85.69250888239355,-33.55436546491702,-24.875613409256648,-49.860472854701214,25.444040577936498,39,-12.819271551079671,-18.89769376676906,-9.505811234993768,-18.481290914701887,-16.11993937561828,-15.164801368632533,3.560099904083927
0.0035436153411865234,0.0007455916134591342,0.0013614654541015624,0.0002789295873944644,19,4,6,"{""modelo__max_depth"": 19, ""modelo__min_samples_leaf"": 4, ""modelo__min_samples_split"": 6}",-75.48130012568937,-29.698576391249453,-85.69250888239355,-33.55436546491702,-24.875613409256648,-49.860472854701214,25.444040577936498,39,-12.819271551079671,-18.89769376676906,-9.505811234993768,-18.481290914701887,-16.11993937561828,-15.164801368632533,3.560099904083927
0.0036824703216552734,0.0005632123615771469,0.0014413356781005859,0.0002491076725194941,19,4,7,"{""modelo__max_depth"": 19, ""modelo__min_samples_leaf"": 4, ""modelo__min_samples_split"": 7}",-75.48130012568937,-29.698576391249453,-85.69250888239355,-33.55436546491702,-24.875613409256648,-49.860472854701214,25.444040577936498,39,-12.819271551079671,-18.89769376676906,-9.505811234993768,-18.481290914701887,-16.11993937561828,-15.164801368632533,3.560099904083927
0.0031436920166015626,0.0005957133621319184,0.0014531135559082032,0.00034539624426259657,19,4,8,"{""modelo__max_depth"": 19, ""modelo__min_samples_leaf"": 4, ""modelo__min_samples_split"": 8}",-75.48130012568937,-29.698576391249453,-85.69250888239355,-33.55436546491702,-24.875613409256648,-49.860472854701214,25.444040577936498,39,-12.819271551079671,-18.89769376676906,-9.505811234993768,-18.481290914701887,-16.11993937561828,-15.164801368632533,3.560099904083927
0.0027325630187988283,9.250436859240891e-05,0.0010704517364501954,7.351823903818447e-05,19,4,9,"{""modelo__max_depth"": 19, ""modelo__min_samples_leaf"": 4, ""modelo__min_samples_split"": 9}",-78.20168674710978,-29.757962566939852,-87.58626262591379,-34.72834800999018,-23.734419450789645,-50.80173588014865,26.599595963063496,169,-14.058053918111339,-19.735482701413016,-10.656597148706805,-19.381395902061907,-16.31552733305176,-16.029411400668966,3.40017676660094
